"gene","GTExN7MScountsPUBLISHED","GTExNFK9countsPUBLISHED","GTExO5YTcountsPUBLISHED","GDC2821countsPUBLISHED","GDC2828countsPUBLISHED","GDC2839countsPUBLISHED","padj","symbol","rank","rank_change"
"ENSG00000254772",32824,21405,27044,0,0,0,1.67464174959057e-38,"EEF1G",15,NA
"ENSG00000271303",984,1482,4595,5,8,2,1.34811641898491e-37,"SRXN1",16,NA
"ENSG00000213977",618,651,1346,10,5,1,1.04608346021859e-29,"TAX1BP3",25,NA
"ENSG00000162032",734,779,1957,11,7,23,1.62288213230187e-28,"SPSB3",28,NA
"ENSG00000112245",3586,1282,3153,18,7,26,6.64257821897224e-28,"PTP4A1",29,NA
"ENSG00000139637",541,456,828,5,0,2,3.4396651561066e-26,"MYG1",35,NA
"ENSG00000187838",1493,1246,1447,9,3,0,2.58686986505486e-25,"PLSCR3",40,NA
"ENSG00000205307",1431,826,2041,0,3,0,4.82513350753825e-25,"SAP25",41,NA
"ENSG00000268734",2181,2611,19247,0,0,0,8.05477315558861e-25,"AC245128.3",43,NA
"ENSG00000105583",1187,1316,3378,1,0,1,2.60553266616492e-24,"WDR83OS",45,NA
"ENSG00000242616",324,2382,6287,6,1,5,3.7651298248549e-22,"GNG10",57,NA
"ENSG00000214736",640,1239,1168,0,0,0,5.89375846406944e-21,"TOMM6",64,NA
"ENSG00000211675",500,685,976,0,0,0,1.54257259075928e-20,"IGLC1",71,NA
"ENSG00000272573",185,150,490,9,3,5,2.47448586190816e-20,"MUSTN1",72,NA
"ENSG00000122687",152,251,371,11,6,12,4.70707609492255e-20,"MRM2",77,NA
"ENSG00000274012",2867,2115,673,0,0,0,1.96714090011772e-19,"RN7SL2",84,NA
"ENSG00000213689",326,572,850,0,0,0,5.23364670184234e-19,"TREX1",89,NA
"ENSG00000198917",572,504,333,13,6,12,7.63385155251667e-19,"SPOUT1",91,NA
"ENSG00000267368",802,770,526,0,0,0,1.60221487164974e-18,"UPK3BL1",96,NA
"ENSG00000149798",365,436,2065,20,4,9,3.33134775767744e-18,"CDC42EP2",104,NA
"ENSG00000145029",380,241,779,0,0,0,8.06079451876944e-18,"NICN1",108,NA
"ENSG00000266820",314,274,1246,0,0,0,1.80726517638231e-17,"KPNA2P3",115,NA
"ENSG00000141086",300,162,236,3,1,1,4.3881880334353e-17,"CTRL",122,NA
"ENSG00000266469",105,141,312,11,6,13,7.57078206899177e-16,"AC005288.1",143,NA
"ENSG00000213073",606,361,282,0,0,0,1.01560767285664e-15,"CHP1P2",145,NA
"ENSG00000226232",220,128,287,2,1,0,2.83069242346938e-15,"NPIPB14P",159,NA
"ENSG00000186704",124,79,194,10,10,7,4.05445581530427e-15,"DTX2P1",166,NA
"ENSG00000184702",1121,324,449,19,6,5,1.01876849070118e-14,"SEPTIN5",181,NA
"ENSG00000213931",415,2762,255,0,0,0,2.23634738938734e-14,"HBE1",194,NA
"ENSG00000279117",236,296,176,0,0,0,3.36957048700426e-14,"AP001972.5",202,NA
"ENSG00000137133",142,187,190,4,13,7,4.0625862709048e-14,"HINT2",208,NA
"ENSG00000263647",160,104,573,0,0,0,4.48059415678127e-14,"BPTFP1",209,NA
"ENSG00000211596",136,104,266,0,0,0,4.58230587160214e-14,"IGKJ2",210,NA
"ENSG00000099977",181,224,656,0,0,1,5.43288496806173e-14,"DDT",212,NA
"ENSG00000281991",142,192,562,1,1,0,6.82302413881455e-14,"TMEM265",214,NA
"ENSG00000243749",145,331,965,1,0,0,9.587652041274e-14,"TMEM35B",219,NA
"ENSG00000257949",215,329,475,14,1,11,1.16584275866961e-13,"TEN1",221,NA
"ENSG00000213780",205,147,226,9,9,1,1.26684396612309e-13,"GTF2H4",222,NA
"ENSG00000258659",188,227,2006,12,19,12,7.64154096896635e-13,"TRIM34",256,NA
"ENSG00000274425",98,162,276,1,6,9,7.6464264943e-13,"AC114271.1",257,NA
"ENSG00000231259",129,91,146,0,0,0,9.65310207232979e-13,"ANAPC1P2",260,NA
"ENSG00000215837",83,82,281,0,0,0,1.05268315011683e-12,"SDHAP2",262,NA
"ENSG00000267673",67,69,95,2,4,4,1.53130097722336e-12,"FDX2",272,NA
"ENSG00000280143",439,177,136,2,1,0,1.60893850781249e-12,"AP000892.4",274,NA
"ENSG00000253797",54,161,301,0,0,0,2.25142804703815e-12,"UTP14C",285,NA
"ENSG00000218227",148,105,103,0,0,0,5.11876677695988e-12,"AC136632.1",312,NA
"ENSG00000255455",98,55,400,0,0,0,7.49887425560765e-12,"AP003486.1",323,NA
"ENSG00000230733",52,117,738,0,0,0,1.17901707048666e-11,"AC092171.2",331,NA
"ENSG00000272821",157,41,233,0,0,0,1.82492657359591e-11,"U62317.1",348,NA
"ENSG00000145194",49,94,131,0,0,0,2.43614536673437e-11,"ECE2",362,NA
"ENSG00000260461",75,71,89,9,6,6,2.49690578122983e-11,"AL133355.1",364,NA
"ENSG00000259623",40,88,264,0,0,0,4.07066829339975e-11,"AC125257.1",381,NA
"ENSG00000280153",327,77,98,0,0,0,5.00587583985931e-11,"AC133065.3",387,NA
"ENSG00000258199",58,85,158,5,12,10,1.38364234341966e-10,"AC073896.4",431,NA
"ENSG00000204165",184,76,155,4,0,6,1.95025202557622e-10,"CXorf65",444,NA
"ENSG00000258818",43,379,289,4,4,0,2.80135118153524e-10,"RNASE4",464,NA
"ENSG00000272779",124,115,119,21,14,13,3.3736378739795e-10,"AC245060.4",471,NA
"ENSG00000104889",175,155,114,5,8,15,3.7939032325544e-10,"RNASEH2A",481,NA
"ENSG00000204196",48,95,61,0,0,0,7.21980663262113e-10,"RPL12P16",515,NA
"ENSG00000142694",28,129,86,0,0,0,1.78544122244575e-09,"EVA1B",573,NA
"ENSG00000139574",33,33,202,0,0,0,2.57536183712876e-09,"NPFF",603,NA
"ENSG00000204822",29,39,85,0,0,0,2.77306552130705e-09,"MRPL53",607,NA
"ENSG00000243989",120,148,141,8,19,20,3.14618194534414e-09,"ACY1",619,NA
"ENSG00000213920",24,61,465,1,2,1,3.46428638663724e-09,"MDP1",624,NA
"ENSG00000279095",33,31,79,0,0,0,3.91424737989997e-09,"AC243964.4",636,NA
"ENSG00000257594",86,150,916,20,9,3,3.92487030250582e-09,"GALNT4",637,NA
"ENSG00000187024",81,158,56,7,3,2,4.15807108409896e-09,"PTRH1",642,NA
"ENSG00000207165",74,77,34,0,0,0,4.46483019163678e-09,"SNORA70",655,NA
"ENSG00000187922",67,58,61,8,6,6,4.9416012823411e-09,"LCN10",665,NA
"ENSG00000136197",54,205,829,9,10,19,5.07098183650429e-09,"C7orf25",669,NA
"ENSG00000284048",127,56,35,0,0,0,5.31170416336252e-09,"AC073111.2",673,NA
"ENSG00000263335",73,19,99,0,0,0,6.10919439947697e-09,"AF001548.2",688,NA
"ENSG00000272760",36,25,87,0,0,0,6.13847607408604e-09,"AC093726.1",689,NA
"ENSG00000268713",41,64,182,0,0,2,6.53638234811782e-09,"AC005261.3",693,NA
"ENSG00000283375",24,31,156,0,0,0,9.78294953187259e-09,"AC087521.4",727,NA
"ENSG00000147168",15306,10177,40712,208,281,1751,1.42021328263125e-08,"IL2RG",755,NA
"ENSG00000260401",169,12,117,0,0,0,1.52430123029579e-08,"AP002761.4",768,NA
"ENSG00000267283",48,24,269,4,3,1,2.18393934057966e-08,"AC005306.1",817,NA
"ENSG00000265967",75,15,69,0,0,0,3.71242358371218e-08,"AC100830.3",874,NA
"ENSG00000279519",16,39,79,0,0,0,3.80022346707082e-08,"AC007382.1",878,NA
"ENSG00000228638",14,45,92,0,0,0,4.1521802831087e-08,"FCF1P2",887,NA
"ENSG00000230673",67,66,19,0,0,0,5.79720635249692e-08,"PABPC1P3",924,NA
"ENSG00000243509",60,60,20,0,0,0,6.49885828825945e-08,"TNFRSF6B",940,NA
"ENSG00000262049",48,56,76,0,0,4,6.80263689450409e-08,"AC139530.1",946,NA
"ENSG00000265287",40,17,51,0,0,0,7.37004889282485e-08,"AC005726.4",967,NA
"ENSG00000272155",17,24,98,0,0,0,8.43139729176988e-08,"AC055822.1",982,NA
"ENSG00000236263",20,19,163,0,0,0,8.7515059506993e-08,"AC234582.1",990,NA
"ENSG00000167244",542,80,66,11,2,2,8.78568202012787e-08,"IGF2",991,NA
"ENSG00000260966",18,27,53,0,0,0,9.63406248368254e-08,"AP001486.2",1005,NA
"ENSG00000167644",25,31,34,0,0,0,1.01447758284989e-07,"C19orf33",1018,NA
"ENSG00000210151",15,20,225,0,0,0,1.46458467921003e-07,"MT-TS1",1087,NA
"ENSG00000273300",54,26,26,0,0,0,1.50478035207952e-07,"AC000068.3",1091,NA
"ENSG00000270696",42,36,51,1,0,0,1.54230521622367e-07,"AC005034.3",1095,NA
"ENSG00000225062",16,21,94,0,0,0,1.55548116263812e-07,"CATIP-AS1",1100,NA
"ENSG00000284308",34,32,59,8,5,4,1.97749361118299e-07,"C2orf81",1147,NA
"ENSG00000214435",65,29,52,0,1,1,2.17998076681911e-07,"AS3MT",1164,NA
"ENSG00000214110",26,9,264,0,0,0,2.4167648058816e-07,"LDHAP4",1188,NA
"ENSG00000266931",24,25,30,0,0,0,2.52327821548636e-07,"AC092651.1",1189,NA
"ENSG00000278615",19,32,196,3,3,4,3.37035575352276e-07,"C11orf98",1252,NA
"ENSG00000261438",10,29,86,0,0,0,3.479814430478e-07,"AL157394.1",1260,NA
"ENSG00000145075",18,17,44,0,0,0,4.56154716447484e-07,"CCDC39",1306,NA
"ENSG00000211595",68,42,112,9,5,0,5.66412017061941e-07,"IGKJ3",1349,NA
"ENSG00000258900",16,20,38,0,0,0,5.67721998735794e-07,"HNRNPCP1",1350,NA
"ENSG00000245261",31,13,36,0,0,0,6.14355315769208e-07,"AL133375.1",1371,NA
"ENSG00000243414",47,61,286,1,11,1,6.51143555169856e-07,"TICAM2",1382,NA
"ENSG00000238795",22,27,23,0,0,0,6.78077453870739e-07,"SCARNA12",1391,NA
"ENSG00000255513",46,49,11,0,0,0,7.7228487219394e-07,"AC005363.1",1421,NA
"ENSG00000279528",18,19,30,0,0,0,8.64445702276431e-07,"AC115618.3",1449,NA
"ENSG00000204424",99,66,47,5,1,9,1.06704235683457e-06,"LY6G6F",1515,NA
"ENSG00000249751",13,104,63,1,0,1,1.07308243161591e-06,"ECSCR",1517,NA
"ENSG00000272589",25,18,70,1,0,0,1.3628007582859e-06,"ZSWIM8-AS1",1574,NA
"ENSG00000233077",12,14,76,0,0,0,1.38407320355009e-06,"LINC01271",1577,NA
"ENSG00000228703",124,20,10,0,0,0,1.38945136539416e-06,"AL355310.2",1580,NA
"ENSG00000261269",14,8,198,0,0,0,1.44637606537972e-06,"AC093278.2",1594,NA
"ENSG00000125780",140,24,7,0,0,0,1.59167344687265e-06,"TGM3",1616,NA
"ENSG00000276259",15,33,21,0,0,0,1.78685144079054e-06,"AC009118.3",1653,NA
"ENSG00000182230",70,13,47,3,1,2,1.94324334311956e-06,"FAM153B",1664,NA
"ENSG00000273036",106,11,16,0,0,0,2.08555812108208e-06,"AL390726.4",1695,NA
"ENSG00000239257",17,31,17,0,0,0,2.66247088980806e-06,"RPL23AP1",1764,NA
"ENSG00000229590",16,46,15,0,0,0,2.81868548451145e-06,"MSX2P1",1782,NA
"ENSG00000230163",11,19,31,0,0,0,3.08152333252543e-06,"AL122010.1",1808,NA
"ENSG00000161958",42,28,137,14,12,7,4.85860646468232e-06,"FGF11",1951,NA
"ENSG00000267532",16,21,59,1,0,1,5.35366699768609e-06,"MIR497HG",1973,NA
"ENSG00000242282",18,17,17,0,0,0,6.08756667934873e-06,"AC108488.1",2019,NA
"ENSG00000272112",10,11,54,0,0,0,6.10987389875812e-06,"AC011374.2",2026,NA
"ENSG00000283426",10,18,27,0,0,0,6.17303059060191e-06,"SMBD1P",2039,NA
"ENSG00000257605",25,19,41,4,3,5,7.26885960416835e-06,"MYG1-AS1",2097,NA
"ENSG00000228343",21,9,24,0,0,0,8.56114313392596e-06,"AC115618.2",2171,NA
"ENSG00000140488",142,88,111,20,2,18,8.65262863362343e-06,"CELF6",2175,NA
"ENSG00000238917",102,23,3,0,0,0,9.10311909347952e-06,"SNORD10",2193,NA
"ENSG00000266208",14,17,17,0,0,0,9.99384829516732e-06,"AC080112.1",2226,NA
"ENSG00000260465",38,6,21,0,0,0,1.43643526469275e-05,"AC018557.1",2366,NA
"ENSG00000244116",29,18,108,7,8,2,2.14961749490332e-05,"IGKV2-28",2556,NA
"ENSG00000268810",14,10,19,0,0,0,2.30895511798544e-05,"AC007193.1",2604,NA
"ENSG00000196136",53,28,17,3,0,0,2.89048323022308e-05,"SERPINA3",2701,NA
"ENSG00000160221",2,37,7,347,3765,967,2.89866349570819e-05,"GATD3A",2703,NA
"ENSG00000183336",7,12,29,0,0,0,3.14308115671604e-05,"BOLA2",2734,NA
"ENSG00000278621",21,14,9,0,0,0,3.68624463075509e-05,"AC037198.2",2811,NA
"ENSG00000270350",0,0,0,31,47,49,3.72860138313387e-05,"MTND4LP5",2815,NA
"ENSG00000182566",12,31,24,2,0,1,3.93540032471731e-05,"CLEC4G",2846,NA
"ENSG00000281358",63,42,33,7,12,3,4.07869048550728e-05,"RASSF1-AS1",2862,NA
"ENSG00000225851",5,35,187,4,5,2,4.99688477714189e-05,"HLA-S",2987,NA
"ENSG00000211594",144,73,147,13,19,0,5.81392375056335e-05,"IGKJ4",3073,NA
"ENSG00000173239",2,17,213,1,0,1,6.11452500222463e-05,"LIPM",3104,NA
"ENSG00000229512",27,7,11,0,0,0,6.30967109060937e-05,"AC068580.1",3123,NA
"ENSG00000211917",0,0,0,125,5,145,6.48146393992383e-05,"IGHD3-16",3142,NA
"ENSG00000207304",10,16,11,0,0,0,6.88063133005778e-05,"SNORA8",3188,NA
"ENSG00000102302",40,37,50,16,10,4,6.91424297878613e-05,"FGD1",3193,NA
"ENSG00000198744",24,58,205,29760,270,1189,7.17708433681256e-05,"MTCO3P12",3218,NA
"ENSG00000185437",27,23,16,0,0,2,7.41775619156304e-05,"SH3BGR",3238,NA
"ENSG00000197409",31,14,306,0,0,6,7.74812830490707e-05,"H3C4",3262,NA
"ENSG00000201882",0,0,0,29,22,113,8.01829535466059e-05,"AL732366.2",3288,NA
"ENSG00000262098",0,0,0,238,6,53,8.13654148074221e-05,"AC127496.2",3297,NA
"ENSG00000201390",0,0,0,29,28,69,8.30433140913384e-05,"RNU6-1141P",3306,NA
"ENSG00000169085",12,36,43,5,2,6,8.60753723446019e-05,"VXN",3327,NA
"ENSG00000283440",18,9,10,0,0,0,8.71254234121943e-05,"LINC01260",3338,NA
"ENSG00000221264",0,0,0,31,30,50,8.80457932955067e-05,"MIR1284",3343,NA
"ENSG00000260413",29,12,5,0,0,0,8.90147157353367e-05,"AC025279.2",3354,NA
"ENSG00000272559",5,21,15,0,0,0,9.48650585496253e-05,"OR51F3P",3389,NA
"ENSG00000256116",24,29,60,4,10,11,9.50720477386825e-05,"AP001453.1",3392,NA
"ENSG00000201086",0,0,0,22,29,97,9.51526571517266e-05,"RNA5SP394",3396,NA
"ENSG00000253528",0,0,0,33,32,37,0.000103207787637948,"AC087752.2",3441,NA
"ENSG00000266189",0,0,0,37,11,153,0.000113226288283477,"MIR3186",3493,NA
"ENSG00000271602",12,25,5,0,0,0,0.000113934876690937,"KRT8P49",3499,NA
"ENSG00000214455",16,8,36,1,1,0,0.000117252427726452,"RCN1P2",3515,NA
"ENSG00000201662",0,0,0,34,29,37,0.000119462058309305,"RNU6-60P",3528,NA
"ENSG00000207313",0,0,0,29,21,83,0.000122794359952387,"SNORA2B",3547,NA
"ENSG00000207368",0,0,0,25,37,38,0.000139409540085369,"Y_RNA",3637,NA
"ENSG00000275857",13,20,5,0,0,0,0.000143763628110119,"AC009133.4",3662,NA
"ENSG00000207086",0,0,0,24,28,58,0.000148809166661243,"Y_RNA",3688,NA
"ENSG00000200769",0,0,0,22,32,54,0.000150484886182021,"Y_RNA",3693,NA
"ENSG00000130957",42,12,2,0,0,0,0.000155926719273372,"FBP2",3712,NA
"ENSG00000206047",24,5,10,0,0,0,0.000164689004882204,"DEFA1",3743,NA
"ENSG00000255790",0,0,0,24,20,87,0.00017898082786664,"AC078950.1",3794,NA
"ENSG00000272439",0,0,0,32,24,40,0.000180294446371031,"RNU6-91P",3800,NA
"ENSG00000240103",0,0,0,19,44,40,0.000182799401698471,"AC132825.1",3809,NA
"ENSG00000267049",33,10,45,0,5,1,0.000186113957007451,"AC002398.1",3824,NA
"ENSG00000204894",0,0,0,32,24,39,0.00018680137825732,"AC104692.1",3828,NA
"ENSG00000267648",15,26,136,7,12,5,0.000188891784901682,"AC060766.5",3834,NA
"ENSG00000259594",0,0,0,29,5,232,0.000193829549786657,"AC023034.1",3849,NA
"ENSG00000275110",0,0,0,6,266,19,0.000204728654065173,"AL928646.1",3891,NA
"ENSG00000201121",0,0,0,17,33,62,0.000207051106102831,"RNY1P12",3898,NA
"ENSG00000277948",0,0,0,27,30,33,0.000215321864112968,"AC007435.1",3932,NA
"ENSG00000055813",4,10,24,0,0,0,0.000220395817249633,"CCDC85A",3952,NA
"ENSG00000281896",59,15,25,6,2,6,0.000221985252282017,"AC018638.8",3961,NA
"ENSG00000252132",0,0,0,35,22,35,0.000224910931966938,"RNU6-795P",3969,NA
"ENSG00000172650",59,20,60,12,16,7,0.000237966752960295,"AGAP5",4002,NA
"ENSG00000275902",10,9,10,0,0,0,0.000242842541190305,"AC139530.3",4022,NA
"ENSG00000206985",0,0,0,28,25,36,0.000249887213128862,"RNU6-198P",4038,NA
"ENSG00000267078",8,15,74,1,4,0,0.000261416565707775,"AC015802.1",4071,NA
"ENSG00000224463",0,0,0,32,18,48,0.00026157294085872,"RPL39P14",4072,NA
"ENSG00000241162",0,0,0,31,27,28,0.000266446245756781,"RN7SL617P",4087,NA
"ENSG00000253986",15,34,10,2,0,0,0.000276415329418618,"AC104561.3",4132,NA
"ENSG00000267030",24,4,9,0,0,0,0.000278216609623147,"AC011498.2",4138,NA
"ENSG00000252578",0,0,0,20,24,59,0.000280625987203776,"RNU6-135P",4151,NA
"ENSG00000228769",0,0,0,24,21,54,0.000282558793876934,"ABCF2P2",4159,NA
"ENSG00000260244",12,30,2,0,0,0,0.000282962557266523,"AC104083.1",4160,NA
"ENSG00000221102",0,0,0,20,35,35,0.000283918526967963,"SNORA11B",4166,NA
"ENSG00000280137",82,46,0,1,0,0,0.000288994346964358,"AC116348.4",4186,NA
"ENSG00000251330",0,0,0,23,22,51,0.000299187618860733,"AC114939.1",4216,NA
"ENSG00000143196",20,6,7,0,0,0,0.000300168474392814,"DPT",4221,NA
"ENSG00000200530",6,11,12,0,0,0,0.000306489581021196,"SNORD35B",4241,NA
"ENSG00000108786",18,36,67,12,4,12,0.000306609160026827,"HSD17B1",4242,NA
"ENSG00000240494",7,5,22,0,0,0,0.000326036406340234,"RPS12P28",4310,NA
"ENSG00000272031",60,68,73,71,1879,11989,0.000334446781611138,"ANKRD34A",4323,NA
"ENSG00000227986",4,16,12,0,0,0,0.000340258238892372,"TRIM60P18",4334,NA
"ENSG00000229276",0,0,0,18,24,57,0.00035423327351551,"REV3L-IT1",4355,NA
"ENSG00000221063",0,0,0,20,36,29,0.000368336502886729,"MIR1296",4368,NA
"ENSG00000253625",0,0,0,4,17,234,0.000369222037517605,"IGKV2-23",4371,NA
"ENSG00000255669",0,0,0,23,32,27,0.000374259410219241,"AC092471.1",4387,NA
"ENSG00000233293",0,0,0,29,17,45,0.000376230450386588,"AL133343.2",4396,NA
"ENSG00000228078",2,181,180,15,3,5,0.000379134874325429,"HLA-U",4403,NA
"ENSG00000271973",0,0,0,26,31,24,0.000382551886742578,"AC141002.1",4409,NA
"ENSG00000279504",23,6,5,0,0,0,0.00039122730209082,"AD001527.2",4427,NA
"ENSG00000275940",0,0,0,25,29,26,0.000399006873928019,"MRPL57P3",4440,NA
"ENSG00000234928",0,0,0,7,177,16,0.000411621888588822,"LINC01659",4470,NA
"ENSG00000260608",0,0,0,26,20,38,0.000414171707371832,"AC024270.3",4480,NA
"ENSG00000239969",0,0,0,19,37,28,0.000415542208177301,"AC091390.3",4486,NA
"ENSG00000253064",0,0,0,15,44,32,0.000420457328067851,"RNU6-711P",4491,NA
"ENSG00000199977",0,0,0,38,20,25,0.000423349991484223,"SNORA73",4499,NA
"ENSG00000278418",0,0,0,23,20,44,0.000429546733000119,"MIR6512",4514,NA
"ENSG00000199683",0,0,0,22,24,36,0.000431990097725104,"RN7SKP185",4517,NA
"ENSG00000213578",11,2,28,0,0,0,0.000454383230968871,"CPLX3",4556,NA
"ENSG00000229327",0,0,0,18,24,46,0.000462503225962289,"AL391839.1",4567,NA
"ENSG00000237651",32,40,105,27,25,21,0.000469146810443225,"C2orf74",4581,NA
"ENSG00000240750",0,0,0,23,33,23,0.000475246100355829,"RN7SL559P",4592,NA
"ENSG00000207031",0,0,0,23,16,56,0.000479192777762015,"SNORD59A",4594,NA
"ENSG00000201519",0,0,0,22,21,40,0.000481695088464286,"RNU6-645P",4605,NA
"ENSG00000277695",0,0,0,45,12,37,0.000481695088464286,"AC097478.3",4608,NA
"ENSG00000200571",0,0,0,18,41,25,0.000486659690255749,"RNU6-1284P",4622,NA
"ENSG00000201071",0,0,0,15,34,37,0.000491769454586605,"Y_RNA",4632,NA
"ENSG00000241057",44,32,38,16,7,14,0.000501207184609557,"AC004951.3",4653,NA
"ENSG00000222986",0,0,0,28,34,18,0.000505087487006152,"RNU5A-5P",4656,NA
"ENSG00000273149",46,6,1,0,0,0,0.000516622191576484,"AL138963.3",4668,NA
"ENSG00000207144",0,0,0,19,33,27,0.000524199676052799,"RNU6-1297P",4676,NA
"ENSG00000221518",0,0,0,20,27,31,0.000525549447467521,"RNU6ATAC16P",4678,NA
"ENSG00000256640",0,0,0,24,17,44,0.000540691612902088,"AC023051.2",4697,NA
"ENSG00000108950",26,128,5449,126,57,43,0.000545012446296443,"FAM20A",4711,NA
"ENSG00000274954",0,0,0,26,20,31,0.000553705372049337,"AC090971.5",4726,NA
"ENSG00000241651",0,0,0,18,28,33,0.000554685814469932,"AC099340.1",4727,NA
"ENSG00000167332",9,13,5,0,0,0,0.000555358667900425,"OR51E2",4730,NA
"ENSG00000236457",0,0,0,23,20,36,0.00055941115476365,"AC090617.1",4734,NA
"ENSG00000267234",0,0,0,15,24,51,0.000565054148127573,"AC092067.1",4739,NA
"ENSG00000201944",0,0,0,23,27,25,0.000565905986872017,"SNORA72",4740,NA
"ENSG00000201348",0,0,0,22,18,44,0.000567429564738792,"RNU105B",4742,NA
"ENSG00000232543",0,0,0,49,7,56,0.000567451290029171,"IGHD4-11",4745,NA
"ENSG00000212643",8,9,8,0,0,0,0.000570094364811194,"ZRSR2P1",4750,NA
"ENSG00000272909",22,29,20,2,3,8,0.000575123972231009,"AL122035.2",4761,NA
"ENSG00000251957",0,0,0,32,16,32,0.000575446868722909,"RNU6-1095P",4763,NA
"ENSG00000222431",0,0,0,21,21,37,0.000581153984258778,"RNU6-141P",4786,NA
"ENSG00000265462",0,0,0,16,24,45,0.000589446009237464,"MIR3680-1",4797,NA
"ENSG00000233848",0,0,0,30,19,27,0.000591968560643644,"AL513188.1",4802,NA
"ENSG00000226928",0,0,0,22,22,32,0.000598773763340584,"RPS14P4",4809,NA
"ENSG00000258284",0,0,0,28,13,48,0.000603107089086936,"POLR2KP1",4813,NA
"ENSG00000204055",5,22,27,2,0,2,0.000604285494834418,"AL158151.1",4814,NA
"ENSG00000242876",0,0,0,28,22,24,0.000611022871955078,"RN7SL812P",4830,NA
"ENSG00000172912",0,0,0,23,33,20,0.000614101281753035,"COX6B1P3",4834,NA
"ENSG00000188038",10,19,27,0,1,4,0.000621182941314372,"NRN1L",4843,NA
"ENSG00000253754",0,0,0,41,16,24,0.000630849822706788,"AC087620.1",4861,NA
"ENSG00000227950",0,0,0,26,20,28,0.000644418426968221,"AL590128.1",4881,NA
"ENSG00000196860",0,0,0,17,36,25,0.000649785683002223,"TOMM20L",4889,NA
"ENSG00000283204",0,0,0,17,36,25,0.000649785683002223,"MIR4434",4890,NA
"ENSG00000231726",0,0,0,27,25,21,0.000654744649165289,"HMGN2P38",4901,NA
"ENSG00000234149",0,0,0,33,12,41,0.000659710784120946,"AC018511.2",4906,NA
"ENSG00000266668",0,0,0,36,16,26,0.000662893252624997,"MIR5692C2",4913,NA
"ENSG00000232693",0,0,0,8,43,49,0.000679648792535637,"AC012370.1",4931,NA
"ENSG00000241484",47,51,18,10,0,3,0.000685391215234849,"ARHGAP8",4940,NA
"ENSG00000212497",0,0,0,23,20,31,0.000687550710683467,"RNA5SP465",4946,NA
"ENSG00000238405",0,0,0,34,19,22,0.000689044256621717,"RNA5SP311",4947,NA
"ENSG00000228452",7,3,24,0,0,0,0.000694580001457886,"AC098484.1",4957,NA
"ENSG00000223828",0,0,0,16,41,23,0.000698258275204589,"BANF1P4",4971,NA
"ENSG00000132207",18,9,17,1,3,2,0.000700891337168591,"SLX1A",4975,NA
"ENSG00000267766",0,0,0,26,15,38,0.000714283117490201,"AC022726.1",4994,NA
"ENSG00000268375",0,0,0,39,14,27,0.00071489438932791,"AC010325.2",4995,NA
"ENSG00000226163",0,0,0,33,19,22,0.000718123203134358,"AL513185.1",5004,NA
"ENSG00000226699",0,0,0,18,25,31,0.000729046803940854,"AL360181.1",5020,NA
"ENSG00000231952",0,0,0,22,15,45,0.000753742702022047,"DPY19L1P2",5065,NA
"ENSG00000239129",0,0,0,19,27,26,0.000755845191664157,"AC104982.1",5069,NA
"ENSG00000207952",0,0,0,19,23,31,0.000757094254781504,"MIR624",5070,NA
"ENSG00000224797",0,0,0,16,33,26,0.000769829853253103,"AL359092.1",5090,NA
"ENSG00000252192",0,0,0,18,18,45,0.000773129677111575,"AC127002.1",5097,NA
"ENSG00000255946",0,0,0,20,28,23,0.000791381076434074,"AC069234.1",5115,NA
"ENSG00000229679",0,0,0,24,32,17,0.000799514249603265,"AC007327.2",5123,NA
"ENSG00000221265",0,0,0,22,23,25,0.000801007273464451,"MIR1255A",5124,NA
"ENSG00000200788",0,0,0,23,21,26,0.000814830064758657,"Y_RNA",5148,NA
"ENSG00000253574",0,0,0,22,20,29,0.000815733287042958,"AC021744.1",5150,NA
"ENSG00000200389",0,0,0,17,32,24,0.000817082313922716,"RNU6-509P",5153,NA
"ENSG00000207181",0,0,0,28,16,29,0.000817533397687932,"SNORA14B",5154,NA
"ENSG00000279366",0,0,0,22,15,42,0.000823167082913975,"AC120349.2",5159,NA
"ENSG00000233448",41,5,39,0,5,1,0.000834015501363548,"PMS2P9",5168,NA
"ENSG00000180785",5,15,6,0,0,0,0.000836648245330927,"OR51E1",5172,NA
"ENSG00000263361",0,0,0,16,27,30,0.000839137209987252,"MIR378H",5178,NA
"ENSG00000170262",0,0,0,36,9,44,0.000841682215636457,"MRAP",5180,NA
"ENSG00000232136",0,0,0,20,21,30,0.000845478734656746,"DUXAP7",5184,NA
"ENSG00000278487",0,0,0,27,15,32,0.000847494356874159,"AC106800.3",5187,NA
"ENSG00000171433",0,0,0,10,18,77,0.000885631770749183,"GLOD5",5223,NA
"ENSG00000199377",0,0,0,2,32,135,0.000886221738051469,"RNU5F-1",5224,NA
"ENSG00000264966",0,0,0,17,29,25,0.000887081575400115,"MIR5094",5226,NA
"ENSG00000207385",0,0,0,18,21,33,0.000895906665707764,"RNU6-310P",5234,NA
"ENSG00000207175",0,0,0,29,26,16,0.000899559248371966,"RNU1-67P",5238,NA
"ENSG00000234162",0,0,0,27,14,33,0.00092156682818905,"AC009505.1",5263,NA
"ENSG00000241493",0,0,0,15,21,41,0.000923339885441461,"AC018638.3",5266,NA
"ENSG00000230536",0,0,0,18,36,19,0.00092521070830588,"AL360268.1",5269,NA
"ENSG00000227617",0,0,0,17,17,45,0.000935769887092736,"CERS6-AS1",5279,NA
"ENSG00000200840",0,0,0,17,25,28,0.00094030320349841,"RNU6-82P",5287,NA
"ENSG00000240385",0,0,0,29,21,19,0.000940444036073616,"RPS29P20",5288,NA
"ENSG00000259258",0,0,0,22,19,28,0.000942670675937892,"AC013553.1",5292,NA
"ENSG00000206595",0,0,0,14,23,39,0.000959038386045367,"RNU6-877P",5302,NA
"ENSG00000276988",0,0,0,25,19,24,0.000961246223549957,"Metazoa_SRP",5306,NA
"ENSG00000280354",0,0,0,17,23,30,0.000974173992077414,"AC073592.9",5324,NA
"ENSG00000276101",7,4,15,0,0,0,0.000979851237721635,"AC027601.3",5330,NA
"ENSG00000256739",0,0,0,14,33,26,0.000983785972227893,"AP002892.2",5336,NA
"ENSG00000225551",0,0,0,19,27,22,0.000991537500336519,"AL157827.1",5341,NA
"ENSG00000232037",0,0,0,15,31,25,0.00101155193260411,"AL590556.1",5359,NA
"ENSG00000198908",14,20,36,2,1,8,0.00101464462389861,"BHLHB9",5364,NA
"ENSG00000242979",0,0,0,11,31,36,0.00101645290695579,"RPS15AP18",5368,NA
"ENSG00000163705",0,0,0,15,25,31,0.00101843309677875,"FANCD2OS",5372,NA
"ENSG00000271378",0,0,0,13,27,34,0.00102032609994442,"RBISP2",5379,NA
"ENSG00000235700",0,0,0,15,23,34,0.00102203212643164,"CYCSP52",5382,NA
"ENSG00000222726",0,0,0,24,15,32,0.00102615017696399,"RNU2-7P",5388,NA
"ENSG00000168995",400,380,2805,48,304,15,0.00102889715349177,"SIGLEC7",5392,NA
"ENSG00000226410",0,0,0,29,16,24,0.00103490887055695,"AC104058.1",5399,NA
"ENSG00000234231",46,14,9,0,2,4,0.00103569285013213,"ANAPC1P4",5400,NA
"ENSG00000229417",7,3,19,0,0,0,0.00103798194352299,"NPM1P25",5402,NA
"ENSG00000255928",0,0,0,16,28,25,0.00104363760283894,"AP002993.1",5410,NA
"ENSG00000199237",0,0,0,23,15,33,0.00105301528592459,"RNU6-834P",5425,NA
"ENSG00000212257",0,0,0,14,29,28,0.00105973193458232,"RNU6-1176P",5433,NA
"ENSG00000263849",0,0,0,34,18,18,0.00106959439077945,"MIR4744",5440,NA
"ENSG00000200114",0,0,0,23,16,30,0.00107310002919047,"RNA5SP123",5444,NA
"ENSG00000265470",0,0,0,18,10,67,0.00108278467580037,"MIR548AQ",5451,NA
"ENSG00000276409",22,327,6,14,2,0,0.00108444526642271,"CCL14",5452,NA
"ENSG00000207719",0,0,0,38,12,25,0.00109375627902312,"MIR623",5461,NA
"ENSG00000207750",0,0,0,21,25,20,0.00109465500210476,"MIR553",5464,NA
"ENSG00000252496",0,0,0,28,14,28,0.00109793837359391,"RNA5SP33",5471,NA
"ENSG00000253921",0,0,0,14,31,25,0.00114122856617757,"AC091982.1",5505,NA
"ENSG00000202159",0,0,0,14,45,18,0.00114797522928586,"RNU6-742P",5512,NA
"ENSG00000200719",0,0,0,33,16,20,0.00114971774863557,"RNA5SP260",5513,NA
"ENSG00000213484",0,0,0,17,31,20,0.00115358299827661,"EIF4A1P8",5518,NA
"ENSG00000132958",0,0,0,10,14,79,0.00115361068339919,"TPTE2",5519,NA
"ENSG00000224891",0,0,0,18,35,17,0.00115828661799141,"ARL14EPP1",5523,NA
"ENSG00000206746",0,0,0,13,21,41,0.00116627917620399,"RNU6-142P",5532,NA
"ENSG00000258935",0,0,0,15,13,59,0.00117003195787624,"AL096869.1",5534,NA
"ENSG00000207438",0,0,0,9,38,33,0.00117425595889791,"Y_RNA",5543,NA
"ENSG00000225839",0,0,0,32,17,19,0.0011749185762904,"TRMT2B-AS1",5545,NA
"ENSG00000205426",9,10,4,0,0,0,0.00119702304718671,"KRT81",5559,NA
"ENSG00000183742",0,6,17,39,89,1183,0.00119817299209877,"MACC1",5562,NA
"ENSG00000264229",1,0,0,23,27,47,0.00120607333309915,"RNU4ATAC",5572,NA
"ENSG00000264616",0,0,0,11,25,40,0.00120628849435243,"MIR4755",5573,NA
"ENSG00000244331",0,0,0,14,31,24,0.00121448238525803,"AC008677.2",5576,NA
"ENSG00000225798",0,0,0,18,20,28,0.00122301296163733,"AC025918.1",5583,NA
"ENSG00000278527",13,3,9,0,0,0,0.00123085325101924,"SNORD22",5591,NA
"ENSG00000206675",0,0,0,21,26,18,0.00123343577188963,"RNU6-32P",5593,NA
"ENSG00000201470",0,0,0,24,24,17,0.00123448364184117,"RNY4P7",5596,NA
"ENSG00000273544",15,15,1,0,0,0,0.00123471497870084,"SNORA44",5598,NA
"ENSG00000213779",0,0,0,20,16,32,0.00123777586335887,"AC107956.2",5599,NA
"ENSG00000220237",0,0,0,20,23,21,0.00125449894530259,"RPS24P12",5616,NA
"ENSG00000227009",0,0,0,22,19,23,0.00126816529342906,"FUNDC2P4",5628,NA
"ENSG00000265733",0,0,0,19,15,36,0.00128000325040525,"SNORA74C-1",5638,NA
"ENSG00000249526",0,0,0,26,7,58,0.0012813786979795,"AC008667.1",5640,NA
"ENSG00000225078",0,0,0,15,21,32,0.00128293905129202,"AL365338.1",5643,NA
"ENSG00000263813",0,0,0,30,19,17,0.00128572613133831,"MIR3679",5647,NA
"ENSG00000255786",0,0,0,25,19,20,0.00128869557606637,"AP000763.1",5650,NA
"ENSG00000271779",0,0,0,13,34,23,0.001290745655843,"AC009994.1",5653,NA
"ENSG00000271984",8,5,9,0,0,0,0.00129291481872362,"AL008726.1",5654,NA
"ENSG00000266097",0,0,0,12,19,46,0.0013142021407623,"MIR5192",5671,NA
"ENSG00000253911",0,0,0,28,13,27,0.001319345888429,"AP003467.1",5675,NA
"ENSG00000206937",0,0,0,23,15,28,0.00132583560650311,"SNORA70B",5680,NA
"ENSG00000252859",0,0,0,18,21,25,0.00133118021741039,"RNU6-375P",5683,NA
"ENSG00000218757",0,0,0,21,20,22,0.00134904227694809,"AL121952.1",5692,NA
"ENSG00000237273",0,0,0,20,21,22,0.00135092476324994,"RSL24D1P8",5695,NA
"ENSG00000242531",0,0,0,20,21,22,0.00135092476324994,"AC083798.1",5696,NA
"ENSG00000272396",2,1,67,0,0,0,0.00135445151870465,"AC005392.3",5699,NA
"ENSG00000199331",0,0,0,12,42,20,0.00136729898026645,"Y_RNA",5703,NA
"ENSG00000263338",0,0,0,19,14,37,0.0013831683304396,"AC027796.5",5715,NA
"ENSG00000234718",0,0,0,16,21,28,0.00138681618514432,"AC007161.1",5717,NA
"ENSG00000243854",0,0,0,14,19,37,0.00138783474048313,"RN7SL67P",5719,NA
"ENSG00000207956",0,0,0,16,23,25,0.00141483282716649,"MIR579",5743,NA
"ENSG00000206938",0,0,0,23,12,35,0.00141889579961994,"RNU4-31P",5750,NA
"ENSG00000269949",0,0,0,24,22,17,0.00141889579961994,"AC069307.1",5752,NA
"ENSG00000180834",20,66,84,20,11,24,0.00142381442049628,"MAP6D1",5753,NA
"ENSG00000278274",9,9,4,0,0,0,0.00142490482800424,"SNORA61",5754,NA
"ENSG00000228368",0,0,0,25,9,44,0.00142533295042855,"AC106873.1",5755,NA
"ENSG00000201221",0,0,0,11,31,28,0.00144973930368285,"RNU4-40P",5773,NA
"ENSG00000202347",0,0,0,20,21,21,0.00145527045609882,"RNU1-16P",5777,NA
"ENSG00000138161",10,28,20,1,6,3,0.00145795696016104,"CUZD1",5782,NA
"ENSG00000234292",15,4,12,1,0,0,0.00145939396479055,"AC123595.1",5783,NA
"ENSG00000202184",0,0,0,21,17,25,0.00146202882565825,"RNU6-1283P",5786,NA
"ENSG00000202205",0,0,0,11,44,20,0.00146414305998571,"RNU6-1034P",5791,NA
"ENSG00000233733",0,0,0,27,22,15,0.00146665402185377,"H2AZP6",5795,NA
"ENSG00000270096",15,4,5,0,0,0,0.0014696203950237,"AC078795.2",5799,NA
"ENSG00000283414",0,0,0,15,21,29,0.00147006858816148,"U6",5803,NA
"ENSG00000255340",0,0,0,12,34,23,0.00147361172559893,"AC087276.3",5806,NA
"ENSG00000242814",32,4,1,0,0,0,0.00147948451336211,"AC113398.1",5811,NA
"ENSG00000255476",0,0,0,31,18,16,0.00148675996021135,"AC011092.2",5822,NA
"ENSG00000227659",0,0,0,23,14,28,0.00149132351713422,"CLYBL-AS2",5823,NA
"ENSG00000270335",0,0,0,15,6,89,0.00149413692049655,"AC093159.2",5824,NA
"ENSG00000253463",0,0,0,16,20,28,0.00149562926407938,"HMGB1P19",5825,NA
"ENSG00000201957",0,0,0,36,10,26,0.00149753474424366,"AC076966.1",5828,NA
"ENSG00000237162",0,0,0,17,20,26,0.00149967566807843,"RPS20P9",5829,NA
"ENSG00000233524",0,0,0,12,32,24,0.00150434870809811,"RANP8",5832,NA
"ENSG00000252218",0,0,0,17,31,17,0.00150434870809811,"AL355802.2",5833,NA
"ENSG00000201998",0,0,0,21,26,16,0.00150622922641228,"SNORA23",5837,NA
"ENSG00000228879",0,0,0,19,24,19,0.00150622922641228,"RPL35AP6",5838,NA
"ENSG00000236900",0,0,0,31,10,30,0.00150655705745611,"TIMM9P1",5839,NA
"ENSG00000240436",0,0,0,19,19,24,0.00151682598579233,"RPL35AP14",5849,NA
"ENSG00000222973",0,0,0,21,10,45,0.00152105146661348,"RNU2-25P",5852,NA
"ENSG00000271065",0,0,0,14,29,22,0.00152281051836586,"AC107031.1",5854,NA
"ENSG00000264741",0,0,0,17,17,31,0.0015246479198918,"MIR4505",5859,NA
"ENSG00000201746",0,0,0,23,17,22,0.00152472798065293,"RNU6-828P",5860,NA
"ENSG00000257545",0,0,0,23,17,22,0.00152472798065293,"AC079385.1",5862,NA
"ENSG00000281112",0,0,0,20,13,35,0.00154178388415764,"AL355480.2",5873,NA
"ENSG00000230081",0,0,0,26,15,22,0.00156501698590105,"HSPE1P28",5885,NA
"ENSG00000143921",0,0,0,16,20,27,0.00157337185972745,"ABCG8",5892,NA
"ENSG00000276810",0,0,0,24,13,28,0.00158122269445692,"AC244093.2",5896,NA
"ENSG00000202512",0,0,0,8,26,44,0.00158494711254463,"RN7SKP230",5898,NA
"ENSG00000278367",0,0,0,19,22,20,0.001587362690599,"AL356652.1",5903,NA
"ENSG00000251340",0,0,0,16,23,23,0.00159855282374773,"MTCYBP35",5908,NA
"ENSG00000258597",5,9,7,0,0,0,0.00160049767837926,"SERPINA2",5909,NA
"ENSG00000271146",0,0,0,10,25,36,0.00160972741362641,"AC018889.1",5914,NA
"ENSG00000231888",0,0,0,15,27,21,0.0016151403484061,"MTND5P15",5915,NA
"ENSG00000233718",0,0,0,22,5,73,0.00161702615589089,"MYCNOS",5918,NA
"ENSG00000223263",0,0,0,19,19,23,0.00161887734568438,"RNU6-387P",5920,NA
"ENSG00000200403",0,0,0,35,13,19,0.00163471069071473,"RNU6-1099P",5930,NA
"ENSG00000187952",0,0,0,24,18,19,0.00163621072658932,"HS6ST1P1",5934,NA
"ENSG00000202358",0,0,0,25,14,24,0.00163930476721148,"RNU6-652P",5937,NA
"ENSG00000221044",0,0,0,16,26,20,0.00164963585338541,"U3",5944,NA
"ENSG00000241913",0,1,0,18,34,38,0.00165280862378278,"RPS29P21",5946,NA
"ENSG00000215720",0,0,0,11,33,24,0.00165658420004825,"MFFP1",5949,NA
"ENSG00000225805",0,0,0,25,15,22,0.00166220397834649,"DEFB131B",5952,NA
"ENSG00000266758",0,0,0,16,20,26,0.00166220397834649,"MIR3680-2",5953,NA
"ENSG00000241155",0,0,0,16,31,17,0.00166365814552023,"ARHGAP31-AS1",5954,NA
"ENSG00000245330",0,0,0,25,9,39,0.00167744057794923,"AP005717.1",5961,NA
"ENSG00000233040",0,0,0,13,24,27,0.0016828357940083,"FAM204BP",5970,NA
"ENSG00000279074",0,0,0,22,14,27,0.0016828357940083,"AC007998.5",5972,NA
"ENSG00000202222",0,0,0,15,33,17,0.00169532273590532,"Y_RNA",5985,NA
"ENSG00000234961",11,12,17,1,4,2,0.00170714946179791,"AL133415.1",5995,NA
"ENSG00000252297",0,0,0,16,22,23,0.00171011752196973,"RNU6-875P",5999,NA
"ENSG00000228540",0,0,0,15,21,26,0.00171227935922622,"AC073326.1",6002,NA
"ENSG00000224256",0,0,0,22,20,18,0.00172127562653361,"Z93930.1",6005,NA
"ENSG00000247911",0,0,0,21,11,37,0.00172308949782464,"HMGN1P12",6007,NA
"ENSG00000270487",0,0,0,16,12,45,0.00172772022184454,"AL355297.1",6011,NA
"ENSG00000279679",0,0,0,13,32,20,0.00173429411095952,"AC091925.2",6015,NA
"ENSG00000227800",0,0,0,45,3,54,0.00173510581579845,"IGHD4-17",6017,NA
"ENSG00000213046",0,0,0,18,13,36,0.00174600547457627,"EEF1A1P32",6020,NA
"ENSG00000231234",4,24,14,1,0,2,0.00174622298864109,"SKP1P1",6021,NA
"ENSG00000199090",0,0,0,14,35,17,0.0017481460350859,"MIR326",6023,NA
"ENSG00000259678",0,0,0,17,26,18,0.00175927218953674,"AC066613.2",6030,NA
"ENSG00000213081",0,0,0,34,12,20,0.00178895187964642,"ARPC1BP1",6046,NA
"ENSG00000237331",0,0,0,18,24,18,0.00180095678294249,"XIAP-AS1",6051,NA
"ENSG00000252451",0,0,0,21,6,62,0.0018093282613257,"RNA5SP168",6059,NA
"ENSG00000199630",0,0,0,20,26,15,0.00181683692089968,"Y_RNA",6065,NA
"ENSG00000200882",0,0,0,13,22,28,0.00182276037313892,"RNU6-681P",6067,NA
"ENSG00000233339",0,0,0,19,17,24,0.00182517206395156,"AC018878.1",6069,NA
"ENSG00000248394",0,0,0,13,20,31,0.00182881110188734,"FOSL1P1",6072,NA
"ENSG00000271137",0,0,0,17,19,24,0.00182967308946049,"AC006254.3",6073,NA
"ENSG00000249222",0,0,0,12,21,32,0.00184718039883116,"ATP5MGL",6081,NA
"ENSG00000255487",0,0,0,19,21,19,0.00185345659119845,"AC087362.2",6089,NA
"ENSG00000207452",0,0,0,24,14,23,0.00185784567387098,"RNU6-606P",6092,NA
"ENSG00000225832",0,0,0,19,19,21,0.00185860513986142,"AL035090.1",6093,NA
"ENSG00000237130",0,0,0,24,13,25,0.00185972139963198,"MRPS6P2",6095,NA
"ENSG00000233416",0,0,0,19,22,18,0.00188095840808143,"RPS25P3",6103,NA
"ENSG00000214998",0,0,0,19,18,22,0.00189100230866336,"CCNB2P1",6110,NA
"ENSG00000226321",17,0,1,14,2312,332,0.00189100230866336,"CROCC2",6111,NA
"ENSG00000279900",0,0,0,13,18,34,0.00189251199798279,"AP001767.3",6112,NA
"ENSG00000235673",0,0,0,15,38,14,0.00189438860119228,"AL929472.4",6113,NA
"ENSG00000206784",0,0,0,14,22,25,0.0018962356987275,"Y_RNA",6114,NA
"ENSG00000275332",0,0,0,15,19,27,0.00190095590455043,"AC103691.2",6120,NA
"ENSG00000236869",0,0,0,28,10,28,0.00192289401519244,"ZKSCAN7-AS1",6135,NA
"ENSG00000201343",0,0,0,20,11,36,0.00192318104839474,"Y_RNA",6136,NA
"ENSG00000252970",0,0,0,17,26,17,0.00192946432344305,"RNA5SP159",6139,NA
"ENSG00000256056",0,0,0,26,10,30,0.00194370115420772,"AC087257.2",6146,NA
"ENSG00000256681",0,0,0,15,28,18,0.00194881083548335,"CCDC58P5",6148,NA
"ENSG00000207725",0,0,0,21,16,22,0.00195393187178467,"MIR222",6151,NA
"ENSG00000229920",0,0,0,19,12,34,0.00196797001602384,"RPS4XP5",6158,NA
"ENSG00000278941",1,0,0,21,31,30,0.00198235274862367,"SMG6-IT1",6162,NA
"ENSG00000244371",0,0,0,29,16,16,0.0019861438036777,"PFN1P8",6164,NA
"ENSG00000268683",0,0,0,19,24,16,0.00199935480985757,"AC020910.2",6167,NA
"ENSG00000252118",0,0,0,9,43,20,0.00200839920757702,"RNU6ATAC39P",6177,NA
"ENSG00000242175",0,0,0,23,11,30,0.00200995310976662,"RN7SL127P",6179,NA
"ENSG00000270702",0,0,0,14,22,24,0.00201390151992356,"AC073657.2",6183,NA
"ENSG00000240454",0,0,0,36,15,14,0.00201556691328046,"RPL39P26",6185,NA
"ENSG00000206738",0,0,0,7,39,28,0.00201859388033792,"Y_RNA",6188,NA
"ENSG00000275756",0,0,0,18,20,20,0.00201945546801802,"AL354751.3",6191,NA
"ENSG00000226281",5,1,2,16,394,32,0.00202579375309626,"AL031123.1",6194,NA
"ENSG00000200783",0,1,0,16,30,43,0.00202967686398218,"RN7SKP180",6195,NA
"ENSG00000211914",0,0,0,30,3,68,0.00203000261001101,"IGHD6-19",6196,NA
"ENSG00000266721",0,0,0,20,14,26,0.0020642047639113,"MIR5695",6212,NA
"ENSG00000201294",0,0,0,9,40,21,0.00207248922727948,"RNU6-1019P",6219,NA
"ENSG00000255737",27,19,8,6,1,1,0.00207355167936018,"AGAP2-AS1",6220,NA
"ENSG00000211643",17,21,41,13,2,5,0.00208011140735974,"IGLV5-52",6226,NA
"ENSG00000272337",0,0,0,16,39,12,0.00209011106824787,"RNU6-90P",6236,NA
"ENSG00000259196",0,0,0,14,27,19,0.00211448589048502,"HMBOX1-IT1",6244,NA
"ENSG00000235088",0,0,0,19,14,27,0.00211968510945876,"AL031667.2",6248,NA
"ENSG00000248664",0,0,0,15,19,25,0.00212204086810997,"AC010273.2",6252,NA
"ENSG00000244218",0,0,0,19,23,16,0.00212677167448689,"RN7SL81P",6256,NA
"ENSG00000270388",0,0,1,14,35,39,0.00212886201700219,"MTCO3P22",6258,NA
"ENSG00000228800",4,6,23,0,0,1,0.00212919234933125,"AL590068.1",6260,NA
"ENSG00000221230",0,0,0,26,10,28,0.0021412268836678,"MIR548L",6265,NA
"ENSG00000238886",0,0,0,11,22,30,0.00215698064694584,"SNORD121A",6273,NA
"ENSG00000199313",0,0,0,9,37,22,0.00216085650696705,"RNU4-82P",6275,NA
"ENSG00000265584",0,0,0,18,20,19,0.00218779593345108,"MIR3978",6288,NA
"ENSG00000176857",0,0,0,24,15,19,0.00221779013034478,"GJA1P1",6302,NA
"ENSG00000255753",0,0,0,19,12,31,0.00223401470647827,"AC009533.2",6310,NA
"ENSG00000283636",0,0,0,14,19,26,0.00224661535361764,"Metazoa_SRP",6316,NA
"ENSG00000254898",0,0,0,36,13,15,0.0022617649901887,"AC087362.1",6326,NA
"ENSG00000202290",0,0,0,25,13,21,0.00226656072524048,"RNA5SP37",6328,NA
"ENSG00000252452",0,0,0,11,20,32,0.00227003178485628,"RNU6-107P",6330,NA
"ENSG00000213648",4,13,16,0,1,1,0.00228023662587866,"SULT1A4",6334,NA
"ENSG00000238482",0,0,0,9,23,34,0.0022868541994887,"RNU6-1208P",6339,NA
"ENSG00000206816",0,0,0,15,18,25,0.00231138533029372,"Y_RNA",6349,NA
"ENSG00000223044",0,0,0,17,23,17,0.00231326013994909,"RNU6-130P",6351,NA
"ENSG00000278462",0,0,0,12,18,32,0.00232546503974788,"AL359880.1",6359,NA
"ENSG00000222724",0,0,0,12,7,71,0.0023269748533832,"RNU2-63P",6361,NA
"ENSG00000258841",0,0,0,12,21,27,0.00234058254252867,"EEF1A1P2",6369,NA
"ENSG00000222287",0,0,0,15,21,21,0.00234946806515709,"RNU6-1043P",6378,NA
"ENSG00000201044",0,0,0,11,31,20,0.00236067042875177,"RNU6-268P",6382,NA
"ENSG00000271215",0,0,0,19,18,19,0.00236847488315452,"RPL21P136",6385,NA
"ENSG00000200924",0,0,0,29,9,26,0.00238288446259922,"RNU6-1048P",6399,NA
"ENSG00000206935",0,0,0,15,13,35,0.00238288446259922,"RNU6-514P",6400,NA
"ENSG00000235319",0,0,0,23,8,37,0.00238553970688638,"AC012360.1",6403,NA
"ENSG00000234915",0,0,0,7,26,37,0.0023962881106898,"AL360091.3",6409,NA
"ENSG00000272406",0,0,0,17,16,24,0.00240789181416627,"AC108102.1",6417,NA
"ENSG00000249655",0,0,0,18,24,15,0.00241676887959202,"AC008434.1",6420,NA
"ENSG00000227108",0,0,0,35,4,44,0.00241680399205422,"IGHD1-14",6421,NA
"ENSG00000226658",0,0,0,17,21,18,0.00242024970340032,"RPL23AP30",6422,NA
"ENSG00000261673",0,0,0,14,26,18,0.00242102838122354,"AC009075.1",6424,NA
"ENSG00000151631",0,0,0,15,6,65,0.00245946075054965,"AKR1C6P",6447,NA
"ENSG00000206605",0,0,0,22,18,16,0.00246441648550623,"RNU6-946P",6451,NA
"ENSG00000253875",0,0,0,13,20,25,0.00246673473018947,"AC013643.2",6456,NA
"ENSG00000266964",83,26,25,20,4,9,0.00250075978337521,"FXYD1",6479,NA
"ENSG00000238713",0,0,0,22,15,19,0.00252052467364174,"Y_RNA",6485,NA
"ENSG00000188712",0,0,0,30,9,24,0.00253929140440748,"OR13D3P",6496,NA
"ENSG00000204904",0,0,0,15,22,19,0.00254036341694607,"LINC01545",6497,NA
"ENSG00000226556",0,0,0,12,23,23,0.00256497915665413,"NPM1P49",6506,NA
"ENSG00000254061",0,0,0,26,15,16,0.00257077120040199,"AC091144.2",6509,NA
"ENSG00000270285",0,0,0,16,26,15,0.00259020164317182,"AC124916.2",6524,NA
"ENSG00000241052",0,0,0,12,25,21,0.00259282842343614,"RPL23AP70",6527,NA
"ENSG00000226438",0,0,0,11,24,24,0.00259528974926661,"AL442071.1",6528,NA
"ENSG00000265260",0,0,0,21,14,21,0.00260191040778881,"RN7SL74P",6529,NA
"ENSG00000256351",0,0,0,11,23,25,0.00260448984546256,"AC007834.2",6531,NA
"ENSG00000252719",0,0,0,11,26,22,0.00262160122553131,"AL356785.1",6544,NA
"ENSG00000265201",0,0,0,12,12,44,0.00262351299520302,"MIR4677",6545,NA
"ENSG00000255672",0,0,0,8,24,33,0.00262819475258253,"AP002892.1",6547,NA
"ENSG00000220643",0,0,0,16,12,33,0.00263421925888688,"AL031577.1",6548,NA
"ENSG00000259474",0,0,0,9,32,22,0.00263421925888688,"AC027228.1",6550,NA
"ENSG00000221493",0,0,0,10,45,14,0.00264450597285062,"MIR320C1",6558,NA
"ENSG00000258455",0,0,0,28,8,28,0.00266141512095695,"AL158801.3",6569,NA
"ENSG00000207991",0,0,0,15,32,13,0.00266621759515735,"MIR601",6570,NA
"ENSG00000206969",0,0,0,20,28,11,0.00268479142055849,"RNU6-1316P",6579,NA
"ENSG00000275981",1,0,0,13,35,37,0.00269051658828453,"AC018816.2",6582,NA
"ENSG00000278215",0,0,0,17,11,33,0.00273433562982337,"AP001318.3",6606,NA
"ENSG00000211915",0,0,0,40,2,55,0.00274644973117591,"IGHD5-18",6610,NA
"ENSG00000201496",0,0,0,27,25,9,0.00276479990244576,"RN7SKP275",6613,NA
"ENSG00000221808",0,0,0,12,28,18,0.00277122043643265,"MIR1256",6615,NA
"ENSG00000222445",0,0,0,13,20,23,0.00277569619662348,"RN7SKP56",6616,NA
"ENSG00000254315",0,0,0,20,12,25,0.00277794279853292,"AC023632.5",6621,NA
"ENSG00000255421",1,0,0,16,30,33,0.00279312373473047,"AP002340.1",6628,NA
"ENSG00000258450",0,0,0,23,15,17,0.00279326265256597,"AL139099.2",6629,NA
"ENSG00000226031",4,4,14,0,0,0,0.00280438115692221,"FGF13-AS1",6635,NA
"ENSG00000254409",0,0,0,18,17,19,0.00281053890205979,"AC087521.3",6640,NA
"ENSG00000213434",0,0,0,14,20,21,0.00281413798050918,"VTI1BP2",6641,NA
"ENSG00000278834",9,5,65,0,2,4,0.00281572530935867,"AC073508.3",6642,NA
"ENSG00000164123",0,0,0,14,22,19,0.00283299549816201,"C4orf45",6650,NA
"ENSG00000266146",0,0,0,7,34,25,0.00283707210517779,"MIR5190",6653,NA
"ENSG00000253926",0,0,0,2,18,90,0.00285226821650909,"AC011257.1",6659,NA
"ENSG00000258967",35,0,10,0,0,0,0.00287086851064758,"HMGN1P3",6667,NA
"ENSG00000277527",0,0,0,15,14,28,0.00288726970439933,"LINC01796",6677,NA
"ENSG00000254450",0,0,0,17,16,21,0.00291306891578229,"ALG9-IT1",6689,NA
"ENSG00000243687",0,0,0,21,13,21,0.00292459637030029,"RPL35AP10",6691,NA
"ENSG00000226045",0,0,0,15,20,19,0.00292473358425988,"AC234644.1",6692,NA
"ENSG00000252627",0,0,0,12,35,14,0.00293279695999468,"RNU6-122P",6693,NA
"ENSG00000265828",0,0,0,24,9,27,0.00294554583648756,"MIR3939",6699,NA
"ENSG00000233979",0,0,0,9,18,36,0.00295322645246317,"RPL22P21",6701,NA
"ENSG00000237718",15,5,2,0,0,0,0.00295434472386879,"AC009095.1",6702,NA
"ENSG00000215899",0,0,0,7,33,25,0.00295819015249023,"AC209007.1",6704,NA
"ENSG00000275601",0,0,0,19,8,38,0.00296931689896359,"AC011330.2",6710,NA
"ENSG00000271581",11,10,31,6,4,1,0.00297727335157904,"AL671883.2",6714,NA
"ENSG00000258001",0,0,0,6,8,82,0.00299470811794663,"AC126614.1",6719,NA
"ENSG00000105694",1,0,0,26,26,21,0.00299475557800746,"ELOCP28",6720,NA
"ENSG00000255350",0,0,0,10,25,23,0.0030002363299327,"MTCO1P15",6721,NA
"ENSG00000252213",0,0,0,27,13,16,0.00304828912410933,"SNORA74D",6735,NA
"ENSG00000259349",0,0,0,23,7,35,0.00305901682592569,"AC011921.1",6739,NA
"ENSG00000218896",0,0,0,21,10,27,0.00306217243128725,"TUBB8P2",6740,NA
"ENSG00000182584",18,8,22,1,5,0,0.00306321281236374,"ACTL10",6741,NA
"ENSG00000234818",0,0,0,17,19,17,0.00307224845655458,"AC007314.1",6745,NA
"ENSG00000202513",0,0,0,21,22,12,0.00308056866998376,"RNU6-805P",6751,NA
"ENSG00000227698",0,0,0,14,18,22,0.00308432084531602,"AP001619.1",6754,NA
"ENSG00000237041",0,0,0,14,18,22,0.00308432084531602,"RPL27P8",6755,NA
"ENSG00000239608",0,0,0,23,20,12,0.00309863353277055,"RUVBL1-AS1",6760,NA
"ENSG00000264160",0,0,0,16,18,19,0.00309863353277055,"MIR4762",6761,NA
"ENSG00000271852",0,0,0,14,10,40,0.00310852987373989,"SNORD11B",6765,NA
"ENSG00000279758",0,1,0,22,32,20,0.00311877636125477,"AC105339.5",6769,NA
"ENSG00000238728",0,0,0,17,33,10,0.00312305077325858,"MIR1972-1",6776,NA
"ENSG00000222430",0,0,0,16,20,17,0.00312374475883867,"Y_RNA",6777,NA
"ENSG00000270620",0,0,0,11,21,24,0.00314366792961686,"AL034555.1",6785,NA
"ENSG00000227973",0,0,0,14,17,23,0.00315368800840404,"PIN4P1",6787,NA
"ENSG00000252393",0,0,0,17,7,45,0.00315649616172382,"RNU6-1004P",6788,NA
"ENSG00000238295",0,0,0,13,21,20,0.00316172985258713,"AC019080.2",6790,NA
"ENSG00000198995",0,0,0,12,33,14,0.00318332314268033,"MIR340",6794,NA
"ENSG00000243370",0,0,0,14,26,15,0.00318730112029751,"RN7SL775P",6795,NA
"ENSG00000238008",1,0,0,17,32,26,0.00318961607471238,"COX6CP10",6797,NA
"ENSG00000201800",0,0,0,15,14,26,0.00320429445794676,"Y_RNA",6802,NA
"ENSG00000219150",0,0,0,10,26,21,0.00323253950456394,"AL603914.1",6814,NA
"ENSG00000131042",4204,4794,24590,726,4066,172,0.00323628708955231,"LILRB2",6815,NA
"ENSG00000186645",0,0,0,7,32,24,0.00326806499435666,"SPDYE17",6822,NA
"ENSG00000219085",0,0,0,9,20,30,0.00329742065333464,"NPM1P37",6834,NA
"ENSG00000184414",0,0,0,15,12,30,0.00329909249722588,"IRS3P",6838,NA
"ENSG00000236809",0,0,0,24,8,28,0.00330558378950734,"SNX25P1",6840,NA
"ENSG00000132429",5,7,12,1,0,0,0.00330856168931733,"POPDC3",6847,NA
"ENSG00000276620",1,0,0,18,27,28,0.00330884471497039,"AL591516.1",6848,NA
"ENSG00000252824",0,0,0,16,15,22,0.00330946081260406,"AC005086.1",6849,NA
"ENSG00000270941",0,0,0,18,18,16,0.00334733306182113,"AC006254.2",6864,NA
"ENSG00000264678",0,0,0,27,15,13,0.00335249990579925,"MIR3140",6868,NA
"ENSG00000265123",0,0,0,12,17,26,0.00335511279861188,"RN7SL200P",6869,NA
"ENSG00000196917",2,3,1,21,5,379,0.00335738045461181,"HCAR1",6870,NA
"ENSG00000232163",0,0,0,23,12,19,0.0033573927883722,"RPLP1P13",6872,NA
"ENSG00000251892",0,0,0,29,13,14,0.00336523397232584,"RNU7-84P",6874,NA
"ENSG00000265128",0,0,0,20,13,20,0.00338089173198717,"AC016866.2",6876,NA
"ENSG00000226851",0,0,0,10,24,22,0.00338618766609471,"AC004112.1",6878,NA
"ENSG00000260743",0,0,0,12,34,13,0.00338952663198729,"AC007823.1",6879,NA
"ENSG00000231744",0,0,0,24,4,48,0.00339737636725801,"AL669818.1",6882,NA
"ENSG00000280767",0,0,0,24,18,12,0.00340549217754883,"AL732314.4",6892,NA
"ENSG00000273677",0,0,0,18,15,19,0.00341744590966037,"AL049692.1",6895,NA
"ENSG00000225118",0,0,0,15,19,18,0.0034228635891334,"AL392103.1",6898,NA
"ENSG00000229356",0,0,0,7,5,87,0.00342454563704937,"LRRC3-DT",6899,NA
"ENSG00000236447",0,0,0,11,19,25,0.00342843569712922,"ATG10-IT1",6903,NA
"ENSG00000200677",0,0,0,26,20,10,0.00343184817777748,"SNORD18",6904,NA
"ENSG00000206715",0,0,0,14,23,16,0.00343574914139692,"RNU6-444P",6911,NA
"ENSG00000207997",0,0,0,9,29,20,0.00344544438314456,"MIR644A",6917,NA
"ENSG00000164972",0,0,0,15,17,20,0.00346088266849512,"C9orf24",6924,NA
"ENSG00000258959",10,5,8,1,0,0,0.0035005239684279,"AL118558.1",6932,NA
"ENSG00000201077",0,0,0,18,40,7,0.00352724318443146,"RNU6-188P",6940,NA
"ENSG00000252933",0,0,0,28,14,13,0.00353068018325647,"RNU6-1223P",6942,NA
"ENSG00000237166",0,0,0,21,12,20,0.0035553059399465,"LINC01792",6953,NA
"ENSG00000231550",0,0,0,43,6,19,0.00356989616868542,"PTCHD3P2",6962,NA
"ENSG00000280280",0,0,0,12,20,21,0.00357339797717428,"AC006435.5",6965,NA
"ENSG00000233924",0,0,0,22,12,19,0.00357689477366507,"RPSAP13",6967,NA
"ENSG00000253015",0,0,0,6,18,44,0.00357848728562251,"RN7SKP64",6969,NA
"ENSG00000170858",7,21,91,1,11,4,0.00358397804793438,"LILRP2",6972,NA
"ENSG00000259113",0,0,0,24,10,21,0.00359343698928707,"AL118556.1",6977,NA
"ENSG00000226952",0,0,0,12,19,22,0.00359936872530589,"AC093019.1",6982,NA
"ENSG00000200917",0,0,0,11,17,27,0.00360467058700391,"RNU6-553P",6989,NA
"ENSG00000226797",0,0,0,23,7,31,0.00360842311595832,"AC005828.1",6991,NA
"ENSG00000230575",0,0,0,23,12,18,0.00362450632290975,"AC013286.1",6998,NA
"ENSG00000234604",0,0,0,19,13,20,0.00363596827249942,"AL021068.1",7003,NA
"ENSG00000212549",0,0,0,8,25,25,0.00363744647139626,"RNA5SP354",7005,NA
"ENSG00000222489",1,0,0,19,19,36,0.00364375619168994,"SNORA79B",7006,NA
"ENSG00000227516",0,0,0,16,18,17,0.00364690688919159,"AL160163.1",7008,NA
"ENSG00000265355",0,0,0,17,16,18,0.00364690688919159,"MIR3136",7009,NA
"ENSG00000207347",0,0,0,10,20,25,0.00364827842168582,"RNU6-306P",7011,NA
"ENSG00000251712",0,0,0,7,32,22,0.00365807239379206,"RNU7-20P",7015,NA
"ENSG00000234882",6,16,1,0,0,0,0.00370224621667922,"EIF3EP1",7033,NA
"ENSG00000266922",0,0,0,10,26,19,0.00370957214133991,"AC008543.3",7035,NA
"ENSG00000237020",0,0,0,33,3,41,0.00374023671804484,"IGHD1-20",7048,NA
"ENSG00000252474",0,0,0,13,17,22,0.00374662930674484,"RNU6-539P",7054,NA
"ENSG00000173124",0,0,0,7,12,52,0.00374923633821315,"ACSM6",7055,NA
"ENSG00000258303",0,0,0,26,11,17,0.00376720820884313,"AC012464.2",7061,NA
"ENSG00000229696",0,0,0,15,16,20,0.00378182539313362,"KARS1P1",7068,NA
"ENSG00000261229",2,4,20,0,0,0,0.00378344860519297,"AC021483.2",7069,NA
"ENSG00000224014",0,0,0,38,4,29,0.0037841935958324,"AL390728.3",7071,NA
"ENSG00000259589",0,0,0,14,19,18,0.00379364494162815,"AC073167.1",7074,NA
"ENSG00000252376",0,0,0,10,27,18,0.00379433397266158,"RNA5SP395",7076,NA
"ENSG00000248648",0,0,0,20,17,14,0.00380151556169863,"AC113410.1",7078,NA
"ENSG00000259505",0,0,0,20,12,20,0.00380215946182504,"AC009268.1",7080,NA
"ENSG00000171987",4,15,2,0,0,0,0.00380280638617304,"C11orf40",7081,NA
"ENSG00000222249",0,0,0,10,37,13,0.00382297415872072,"RNU6-262P",7083,NA
"ENSG00000236115",0,0,0,12,13,31,0.00383249295656298,"AL136097.2",7089,NA
"ENSG00000279022",0,0,0,16,12,25,0.00384610440634978,"AL359715.4",7093,NA
"ENSG00000260012",0,0,0,23,8,26,0.00386489365394101,"AC007494.1",7098,NA
"ENSG00000256789",0,0,0,6,42,18,0.00386953978157634,"AP000753.2",7099,NA
"ENSG00000221439",0,0,0,11,12,36,0.00387837196043792,"RNU4ATAC16P",7101,NA
"ENSG00000177993",0,0,0,12,10,39,0.00389855897333221,"ZNRF3-AS1",7107,NA
"ENSG00000258947",15,8,53,6,1,7,0.00391440721062566,"TUBB3",7109,NA
"ENSG00000249840",0,0,0,17,17,16,0.00396440023367266,"GAPDHP76",7129,NA
"ENSG00000224481",0,0,0,44,8,13,0.0039741850020498,"AC245100.1",7132,NA
"ENSG00000239082",0,0,0,9,29,18,0.00397845950607935,"RNU7-170P",7133,NA
"ENSG00000267670",1,4,28,0,0,0,0.00398180845428681,"AC022098.2",7136,NA
"ENSG00000221406",0,0,0,7,30,22,0.00399867506681763,"MIR320B2",7137,NA
"ENSG00000222177",0,0,0,7,30,22,0.00399867506681763,"RNU4-30P",7138,NA
"ENSG00000244535",0,0,0,22,14,15,0.00400185956975606,"AL049714.1",7140,NA
"ENSG00000229992",0,0,0,20,21,11,0.00402838064676278,"HMGB3P9",7148,NA
"ENSG00000205495",7,6,4,0,0,0,0.00405028740515706,"OR52J3",7157,NA
"ENSG00000255164",0,0,0,19,16,15,0.00405028740515706,"AF235103.1",7158,NA
"ENSG00000248930",0,0,0,16,24,12,0.00405680016299396,"CHP1P1",7161,NA
"ENSG00000241991",0,0,0,21,10,22,0.00405878247816645,"AC114982.1",7164,NA
"ENSG00000262141",0,0,0,9,16,32,0.00406116045193938,"AC040162.2",7165,NA
"ENSG00000172867",14,132,6,3,0,10,0.00407192911068366,"KRT2",7170,NA
"ENSG00000201850",0,0,0,5,31,28,0.00407851522102078,"Y_RNA",7171,NA
"ENSG00000236928",0,0,0,18,18,14,0.00408461490988273,"AC008267.4",7174,NA
"ENSG00000270479",0,0,0,19,17,14,0.00410268285387707,"BNIP3P37",7181,NA
"ENSG00000202014",0,0,0,11,13,32,0.00412146770658755,"Y_RNA",7187,NA
"ENSG00000228572",0,0,0,4,45,22,0.00412194817609656,"AL954722.1",7188,NA
"ENSG00000199730",0,0,0,18,11,23,0.00413982801960335,"RN7SKP95",7191,NA
"ENSG00000165972",0,0,0,14,13,25,0.00415866992505847,"CCDC38",7194,NA
"ENSG00000214727",0,0,0,13,19,18,0.00425050350305801,"RPL5P35",7220,NA
"ENSG00000225246",0,0,0,14,9,35,0.00427137262731936,"RPS2P1",7226,NA
"ENSG00000208018",0,0,0,29,14,11,0.00427586449637542,"MIR645",7231,NA
"ENSG00000250582",0,0,0,40,10,11,0.00428196038536443,"SMAD1-AS2",7233,NA
"ENSG00000259595",0,0,2,24,28,33,0.00428196038536443,"AC025043.1",7235,NA
"ENSG00000273982",0,0,0,12,31,12,0.00428267680729629,"AC005746.3",7236,NA
"ENSG00000240490",0,0,0,13,17,20,0.00429270747072242,"RN7SL277P",7239,NA
"ENSG00000212961",0,0,0,14,15,21,0.00430926275154552,"HNRNPA1P40",7244,NA
"ENSG00000206634",0,0,1,20,25,21,0.00431995166195569,"SNORA22",7246,NA
"ENSG00000259411",0,0,0,26,17,10,0.00432122133560819,"HNRNPA1P45",7251,NA
"ENSG00000231699",0,0,0,17,7,36,0.00433445281704233,"AC020550.1",7258,NA
"ENSG00000235635",0,0,0,20,22,10,0.00433607171602069,"AC016644.1",7259,NA
"ENSG00000234325",0,0,0,21,13,16,0.00434695105581353,"MRPS10P2",7260,NA
"ENSG00000279485",0,0,0,19,11,21,0.004351999990841,"AC016734.1",7263,NA
"ENSG00000255825",0,0,0,11,21,19,0.00436066720004261,"AC006205.1",7265,NA
"ENSG00000241333",0,0,0,16,13,21,0.004365100341082,"RN7SL385P",7272,NA
"ENSG00000224690",0,0,0,3,34,35,0.00437333508490599,"UBE2D3P3",7276,NA
"ENSG00000200065",0,0,0,22,11,18,0.00439076546650846,"Y_RNA",7282,NA
"ENSG00000223503",0,0,0,15,18,16,0.00439439179501444,"AL353807.1",7283,NA
"ENSG00000242360",0,0,0,20,5,40,0.0043954287964163,"RN7SL272P",7286,NA
"ENSG00000279488",66,24,12,8,3,13,0.00441606755443965,"AC004623.1",7294,NA
"ENSG00000249192",0,0,1,18,23,25,0.00444831947542789,"MTND3P25",7298,NA
"ENSG00000266237",0,0,0,12,12,30,0.0044667667900183,"AC121320.1",7307,NA
"ENSG00000200520",0,0,0,10,18,24,0.00446976008546148,"RNU6-1214P",7310,NA
"ENSG00000268105",0,0,0,12,30,12,0.00447472626593117,"AC124856.1",7312,NA
"ENSG00000131951",0,0,1,12,15,58,0.00449125464445508,"LRRC9",7318,NA
"ENSG00000279785",0,0,0,12,17,21,0.00450158915960334,"AC008267.7",7320,NA
"ENSG00000234274",0,0,0,17,9,28,0.00450801905424802,"COX7BP2",7322,NA
"ENSG00000260594",0,0,0,28,5,29,0.00450801905424802,"AC099313.1",7323,NA
"ENSG00000252244",0,0,0,19,9,25,0.0045282695765479,"RNU7-3P",7328,NA
"ENSG00000263584",0,0,0,9,36,13,0.0045282695765479,"MIR4480",7329,NA
"ENSG00000209582",40,3,0,0,0,0,0.00454264241565483,"SNORA48",7337,NA
"ENSG00000270679",0,0,0,23,8,23,0.00457499899625184,"AC138473.1",7344,NA
"ENSG00000224099",0,0,0,3,37,31,0.00458196213315817,"AC104823.1",7347,NA
"ENSG00000265820",0,0,0,38,11,10,0.0045983950024138,"MIR3177",7352,NA
"ENSG00000266531",0,0,0,14,15,20,0.00460980849848462,"MIR4706",7355,NA
"ENSG00000239946",0,0,0,21,8,25,0.00461935757940064,"ZBTB20-AS3",7358,NA
"ENSG00000251785",0,0,0,12,13,27,0.00463856658144872,"RNA5SP20",7360,NA
"ENSG00000252782",0,0,0,10,21,20,0.00464612988574516,"RNU6-341P",7361,NA
"ENSG00000200883",0,0,0,14,23,13,0.00465235514653674,"Y_RNA",7363,NA
"ENSG00000222208",0,0,0,14,13,23,0.004664939895695,"RNA5SP129",7367,NA
"ENSG00000278917",0,0,0,21,22,9,0.00470546807364937,"AC006213.6",7374,NA
"ENSG00000270577",0,0,0,10,16,26,0.0047146653802158,"AC006023.1",7376,NA
"ENSG00000275550",0,0,0,10,16,26,0.0047146653802158,"AL096712.1",7377,NA
"ENSG00000269373",0,0,0,12,15,23,0.00474489255980829,"AC008739.2",7386,NA
"ENSG00000245311",0,0,0,17,6,38,0.00476398752309635,"ARNTL2-AS1",7388,NA
"ENSG00000254907",0,0,0,19,8,27,0.00476436399576386,"AC087276.2",7390,NA
"ENSG00000241073",0,0,0,13,15,21,0.00480455507766545,"AC093019.2",7399,NA
"ENSG00000212536",0,0,0,12,17,20,0.00483119993741603,"RNA5SP474",7404,NA
"ENSG00000258068",0,0,0,17,14,17,0.00484782945853314,"AC079600.3",7407,NA
"ENSG00000228604",0,0,0,24,13,13,0.00487241276929927,"AL121759.1",7416,NA
"ENSG00000251733",0,0,0,16,14,18,0.00488105462911292,"SCARNA8",7419,NA
"ENSG00000165164",0,0,0,13,9,34,0.00488332671727427,"CFAP47",7420,NA
"ENSG00000111305",0,0,0,21,12,16,0.00489692641091292,"GSG1",7423,NA
"ENSG00000243849",0,0,0,17,7,33,0.00490747750986399,"CFAP44-AS1",7428,NA
"ENSG00000207595",0,0,0,36,1,55,0.00490753827781086,"MIR181A2",7429,NA
"ENSG00000221333",0,0,0,16,28,9,0.00491497791599498,"MIR548K",7433,NA
"ENSG00000187848",0,0,1,12,18,46,0.004938128521642,"P2RX2",7440,NA
"ENSG00000263177",0,0,0,33,11,11,0.00497078768234319,"MTND1P8",7445,NA
"ENSG00000236058",0,0,0,10,20,20,0.00498134798431436,"RPL17P36",7448,NA
"ENSG00000233133",0,0,0,17,13,18,0.00498240473176437,"AC104451.1",7449,NA
"ENSG00000243592",0,0,0,10,25,16,0.00498389790336356,"RPL17P22",7450,NA
"ENSG00000239437",1,1,2,7,74,47,0.00498504939517913,"RN7SL752P",7451,NA
"ENSG00000224678",0,0,0,16,13,19,0.00503883550377415,"GAPDHP46",7463,NA
"ENSG00000224802",0,0,0,9,20,22,0.00504416243263708,"TUBB4BP2",7464,NA
"ENSG00000252494",0,0,0,22,6,29,0.00505131620194074,"RNU6-126P",7470,NA
"ENSG00000252904",0,0,0,15,24,11,0.00505131620194074,"AC010359.1",7471,NA
"ENSG00000231534",0,0,0,9,19,23,0.00508986449473144,"FBXO36-IT1",7478,NA
"ENSG00000245248",0,0,0,23,9,19,0.00509320801356085,"USP2-AS1",7480,NA
"ENSG00000257738",0,0,0,15,13,20,0.00514713461121565,"AC009248.1",7491,NA
"ENSG00000241697",2,11,12,1,0,0,0.00514732341517365,"TMEFF1",7492,NA
"ENSG00000267285",0,0,1,29,23,14,0.0051564394513334,"AC004672.2",7494,NA
"ENSG00000225658",0,0,0,21,4,40,0.00515645581465796,"TAF13P2",7496,NA
"ENSG00000279337",0,0,0,23,24,7,0.00515991412523349,"AC127024.7",7499,NA
"ENSG00000230498",0,0,0,9,24,18,0.00516913175111354,"AL035409.1",7505,NA
"ENSG00000244952",0,0,0,16,27,9,0.00516913175111354,"AC123768.1",7506,NA
"ENSG00000248466",0,0,0,24,9,18,0.00517288630090335,"AC098827.1",7507,NA
"ENSG00000183542",80,51,15,17,1,0,0.00518263514005253,"KLRC4",7512,NA
"ENSG00000232162",0,0,0,16,3,56,0.00522409029343482,"USP12-AS1",7519,NA
"ENSG00000201114",0,0,0,13,11,27,0.00522518289923216,"Y_RNA",7520,NA
"ENSG00000188004",6,3,16,1,0,0,0.00523632338851443,"SNHG28",7522,NA
"ENSG00000244101",0,0,0,9,17,25,0.00527735363534983,"HMGN1P10",7532,NA
"ENSG00000269482",11,28,2,1,3,1,0.00528982924889267,"Z69720.1",7538,NA
"ENSG00000257494",0,0,0,9,14,30,0.00529510967203075,"AC004217.1",7539,NA
"ENSG00000215277",0,0,0,9,13,32,0.0053117498254447,"RNF212B",7544,NA
"ENSG00000252750",0,0,0,14,30,9,0.00534579527653904,"RNU7-70P",7546,NA
"ENSG00000207233",0,0,0,9,28,15,0.0053541857966063,"SNORA37",7548,NA
"ENSG00000229455",0,0,0,12,15,21,0.00539478919189181,"RPS10P18",7558,NA
"ENSG00000235189",0,0,0,13,17,17,0.00541754935614958,"AL034405.1",7566,NA
"ENSG00000274197",0,0,0,18,26,8,0.00542793898178927,"U4",7568,NA
"ENSG00000232202",0,0,0,31,8,15,0.00543222795837503,"CHORDC1P1",7570,NA
"ENSG00000235141",0,0,0,9,26,16,0.00543890500817306,"COX6CP17",7572,NA
"ENSG00000207653",0,0,0,13,18,16,0.00544394479904201,"MIR558",7574,NA
"ENSG00000279883",0,0,0,9,10,39,0.0054451906197925,"AC010480.1",7577,NA
"ENSG00000225727",0,0,0,29,2,44,0.00546090993426252,"AL139184.1",7581,NA
"ENSG00000252800",0,0,0,10,22,17,0.00546704327605543,"AL132992.1",7587,NA
"ENSG00000254248",0,0,0,10,17,22,0.00546704327605543,"AC068189.1",7588,NA
"ENSG00000258837",0,0,0,18,7,29,0.00546704327605543,"AL133370.1",7589,NA
"ENSG00000258957",0,0,0,17,10,22,0.00546704327605543,"AL359317.2",7590,NA
"ENSG00000263709",0,0,0,9,18,23,0.00547466530428325,"AC024619.3",7594,NA
"ENSG00000206991",0,0,0,14,19,14,0.00547623447489109,"RNU6-610P",7595,NA
"ENSG00000252456",0,0,0,8,27,17,0.00553138382655814,"RNA5SP434",7602,NA
"ENSG00000252915",0,0,0,8,20,23,0.00553318617659892,"Y_RNA",7603,NA
"ENSG00000200674",0,0,0,11,16,21,0.00556519041783323,"RN7SKP160",7609,NA
"ENSG00000212493",0,0,0,26,7,20,0.00557130816078996,"SNORD19",7610,NA
"ENSG00000227759",0,0,0,9,17,24,0.00558467667229727,"VTI1BP4",7615,NA
"ENSG00000207287",0,0,0,7,12,40,0.00558705571251222,"RNU6-1274P",7618,NA
"ENSG00000251111",0,0,0,17,9,24,0.00558846538805823,"FCF1P8",7623,NA
"ENSG00000254048",0,0,0,11,11,30,0.00560150753295504,"AC105150.1",7626,NA
"ENSG00000176029",0,1,0,19,19,25,0.00563139295673656,"C11orf16",7633,NA
"ENSG00000278374",0,0,0,16,19,12,0.0056420571083533,"U4",7637,NA
"ENSG00000252569",0,0,0,10,14,26,0.00564959190109295,"RNU6-1153P",7638,NA
"ENSG00000108452",0,0,0,14,32,8,0.00564986536401319,"ZNF29P",7639,NA
"ENSG00000270975",0,0,0,7,10,45,0.00566117661863042,"MAGOH3P",7645,NA
"ENSG00000252971",0,0,0,11,22,15,0.00570389736498992,"RNU6-1057P",7650,NA
"ENSG00000237197",0,0,0,42,3,23,0.00573389277220413,"IGHD1-7",7657,NA
"ENSG00000264273",0,0,0,5,20,33,0.00573478702866548,"AC107982.2",7658,NA
"ENSG00000270381",0,0,0,9,25,16,0.0057358678618196,"AL138963.2",7660,NA
"ENSG00000228525",0,0,0,10,19,19,0.00574214335129749,"AL353689.1",7661,NA
"ENSG00000199325",1,0,0,33,7,39,0.00574914442375792,"RNU4-39P",7664,NA
"ENSG00000202356",0,0,0,12,12,25,0.00575816030766894,"RNA5SP277",7667,NA
"ENSG00000238963",0,0,0,10,20,18,0.00576159538570036,"U8",7671,NA
"ENSG00000223324",0,0,0,16,14,16,0.00577004189254139,"RN7SKP273",7673,NA
"ENSG00000249407",0,0,0,16,7,31,0.00577690499608259,"IL20RB-AS1",7677,NA
"ENSG00000252019",0,0,0,6,17,33,0.00578423924341519,"RNU6ATAC9P",7680,NA
"ENSG00000229794",0,0,0,12,13,23,0.00578995492164243,"MTCYBP32",7684,NA
"ENSG00000271264",0,0,0,15,17,14,0.00579847211202026,"MZT1P1",7687,NA
"ENSG00000250677",0,0,0,14,15,17,0.00580862620940665,"AC114781.3",7690,NA
"ENSG00000271657",0,0,0,9,14,28,0.00581896138386511,"AC018462.2",7698,NA
"ENSG00000241129",0,0,0,14,8,31,0.00583179555418022,"RPL22P19",7702,NA
"ENSG00000271817",1,0,0,17,17,31,0.00585788438874104,"U3",7705,NA
"ENSG00000207370",0,0,0,17,11,19,0.00586082067883099,"Y_RNA",7706,NA
"ENSG00000272215",0,0,0,13,21,13,0.00587171380350196,"U7",7711,NA
"ENSG00000236806",0,0,0,13,13,21,0.00587599350884924,"RPL7AP15",7712,NA
"ENSG00000222503",0,0,0,16,13,17,0.00588430174702401,"Y_RNA",7716,NA
"ENSG00000283108",1,0,0,28,11,29,0.00592574001205713,"AC011451.3",7721,NA
"ENSG00000242076",21,5,52,8,7,2,0.00594797828205775,"IGKV1-33",7722,NA
"ENSG00000244712",0,0,0,15,13,18,0.00595614680658467,"AC084754.1",7728,NA
"ENSG00000159166",6,12,1,0,0,0,0.00606648270173829,"LAD1",7745,NA
"ENSG00000266901",1,0,0,32,15,18,0.00608159837594534,"AC068473.2",7753,NA
"ENSG00000241179",0,0,0,5,22,29,0.00608778921966948,"AC010301.1",7754,NA
"ENSG00000242958",1,0,0,23,23,16,0.00608778921966948,"AC040975.1",7755,NA
"ENSG00000259710",0,0,0,8,14,30,0.00609532770532601,"NUTF2P6",7757,NA
"ENSG00000255156",0,0,0,12,24,12,0.00609706563450422,"RNY1P9",7760,NA
"ENSG00000198580",0,0,0,10,23,15,0.00610274262742009,"AC073343.1",7761,NA
"ENSG00000255441",42,4,8,2,5,1,0.00614191469198129,"SIGLEC10-AS1",7768,NA
"ENSG00000240163",0,0,0,9,51,6,0.0061741832797804,"AC087385.1",7773,NA
"ENSG00000242791",0,0,0,17,25,8,0.00617882097604967,"AC117395.1",7775,NA
"ENSG00000283416",0,0,0,36,15,6,0.00618281885443955,"MIR1910",7776,NA
"ENSG00000234832",0,0,0,20,7,24,0.0061836965459529,"NXT1-AS1",7777,NA
"ENSG00000229418",0,0,0,43,12,6,0.006187277853117,"AL136181.1",7778,NA
"ENSG00000207369",0,0,0,10,20,17,0.00623433922415499,"RNU6-665P",7790,NA
"ENSG00000225934",0,0,0,11,22,14,0.00627011773329567,"FAM133FP",7800,NA
"ENSG00000253197",0,0,0,22,11,14,0.00627011773329567,"AC117834.1",7801,NA
"ENSG00000211911",0,1,0,46,5,34,0.00628334476447223,"IGHD3-22",7803,NA
"ENSG00000221331",0,0,0,13,20,13,0.00629125300533715,"MIR548Q",7806,NA
"ENSG00000260224",0,0,0,8,19,22,0.00629186507506926,"UBL5P4",7807,NA
"ENSG00000274614",0,0,0,10,14,24,0.00630426420575872,"AL390754.1",7812,NA
"ENSG00000254846",0,0,0,6,17,31,0.00631259260668645,"AL355075.1",7818,NA
"ENSG00000255084",0,0,0,6,17,31,0.00631259260668645,"AP003110.1",7819,NA
"ENSG00000219902",0,0,0,22,8,19,0.00631885654232341,"RPL35P3",7820,NA
"ENSG00000264217",0,0,0,11,17,18,0.00632036729544445,"RPL35AP23",7823,NA
"ENSG00000231564",0,0,0,12,14,20,0.00633675394859634,"EIF4A1P11",7828,NA
"ENSG00000261723",0,0,0,14,12,20,0.00633675394859634,"AC008870.4",7829,NA
"ENSG00000278413",0,0,0,14,12,20,0.00633675394859634,"AL159159.1",7830,NA
"ENSG00000226128",0,0,0,23,39,3,0.0063659758481485,"RPL26P9",7838,NA
"ENSG00000230424",0,0,2,19,20,46,0.00639693972264349,"EMC1-AS1",7845,NA
"ENSG00000236170",0,0,0,47,1,35,0.0064055901255273,"IGHD1-1",7847,NA
"ENSG00000223908",0,0,0,23,18,8,0.00641026906069432,"AC068657.1",7851,NA
"ENSG00000202259",0,0,0,16,9,23,0.00641452365551818,"RNU6-1318P",7853,NA
"ENSG00000265418",0,0,0,18,34,5,0.0064270538751924,"MIR4261",7856,NA
"ENSG00000223576",0,0,0,17,15,13,0.0064352614513973,"AL355001.1",7857,NA
"ENSG00000216813",0,0,0,15,13,17,0.006446730247652,"AL358178.1",7859,NA
"ENSG00000238285",0,0,0,13,15,17,0.00644844466761306,"MRPL50P2",7860,NA
"ENSG00000200261",0,1,0,14,35,17,0.00646462727488112,"Y_RNA",7864,NA
"ENSG00000267131",1,0,0,11,27,28,0.0064819115379468,"AC005746.2",7871,NA
"ENSG00000200428",0,0,0,15,11,20,0.00648925314120124,"Y_RNA",7872,NA
"ENSG00000231896",0,0,0,15,11,20,0.00648925314120124,"AC019185.1",7873,NA
"ENSG00000275532",1,0,0,37,16,14,0.00649524331073681,"AC006449.2",7876,NA
"ENSG00000243312",0,0,0,11,13,23,0.00649552123673466,"AC093827.1",7879,NA
"ENSG00000207802",0,0,0,1,54,28,0.00650071317400418,"MIR646",7883,NA
"ENSG00000253039",0,0,0,11,23,13,0.00650509259598595,"RNA5SP47",7885,NA
"ENSG00000211928",0,0,0,50,1,32,0.00653910145759298,"IGHD5-5",7896,NA
"ENSG00000271615",0,0,0,18,13,14,0.00653911610298845,"ACTG1P22",7900,NA
"ENSG00000262837",0,0,0,12,21,13,0.00654632652228906,"AC027801.5",7905,NA
"ENSG00000263675",0,0,0,13,10,25,0.00655128574006352,"MIR5581",7906,NA
"ENSG00000101323",14,2,7,0,1,0,0.00657878069702374,"HAO1",7910,NA
"ENSG00000224271",0,0,0,14,32,7,0.00657878069702374,"AL117329.1",7912,NA
"ENSG00000261527",0,0,0,9,24,15,0.00658241410419692,"AC026464.5",7914,NA
"ENSG00000201724",0,0,0,9,20,18,0.00660457151100237,"Y_RNA",7920,NA
"ENSG00000252473",0,0,0,24,15,9,0.00661432888671337,"AC007684.1",7924,NA
"ENSG00000232455",0,0,0,10,18,18,0.00663122851702926,"LARS2-AS1",7928,NA
"ENSG00000224340",0,0,0,15,18,12,0.00663920046240285,"AL590639.1",7930,NA
"ENSG00000253058",0,0,0,12,18,15,0.00664108508253006,"RNA5SP437",7932,NA
"ENSG00000280311",0,0,0,7,6,54,0.00664864810530432,"AC131212.4",7936,NA
"ENSG00000256481",1,0,1,31,11,42,0.00668133791134226,"AP006333.2",7939,NA
"ENSG00000254689",0,0,0,23,10,14,0.00668776037722059,"LINC02235",7940,NA
"ENSG00000206732",0,0,0,12,19,14,0.00678271648749217,"RNU6-936P",7964,NA
"ENSG00000243314",0,0,0,9,16,22,0.0067857484123298,"AC106707.2",7967,NA
"ENSG00000278816",0,0,0,11,17,17,0.00681612567409806,"AL121890.5",7974,NA
"ENSG00000170961",0,0,0,15,7,29,0.00684092606612944,"HAS2",7978,NA
"ENSG00000220446",0,0,0,11,18,16,0.00684676610870143,"AL121978.1",7982,NA
"ENSG00000264493",0,0,0,11,18,16,0.00684676610870143,"MIR4298",7984,NA
"ENSG00000250068",0,1,0,38,9,23,0.00687825881310667,"AL445187.1",7989,NA
"ENSG00000248256",0,0,0,15,15,14,0.00689468781398417,"OCIAD1-AS1",7994,NA
"ENSG00000188883",0,0,0,21,15,10,0.00689563099027809,"KLRG2",7995,NA
"ENSG00000251485",0,0,0,21,7,21,0.00690988939941261,"NRBF2P6",8002,NA
"ENSG00000253057",0,0,0,24,6,21,0.00693433397985944,"RN7SKP57",8006,NA
"ENSG00000227257",0,0,0,15,11,19,0.00694477184497372,"AL158827.1",8007,NA
"ENSG00000198857",0,0,0,45,10,6,0.00696890244558218,"HSD3BP5",8013,NA
"ENSG00000200742",0,0,0,9,23,15,0.00696949779634595,"Y_RNA",8014,NA
"ENSG00000252481",1,7,13,0,0,0,0.00698397337449967,"SCARNA13",8019,NA
"ENSG00000232352",0,0,0,13,12,20,0.00698600203741886,"SEMA3B-AS1",8021,NA
"ENSG00000259254",0,0,0,7,37,11,0.00699413091886074,"AC022405.1",8031,NA
"ENSG00000253961",1,0,0,30,15,17,0.00702478278316955,"AC009563.1",8037,NA
"ENSG00000206824",0,0,0,13,9,26,0.00706565221744838,"Y_RNA",8045,NA
"ENSG00000260764",0,0,0,13,17,14,0.00706793395470888,"AC007224.1",8047,NA
"ENSG00000235248",0,0,0,23,5,25,0.00707488474366823,"OR13C1P",8052,NA
"ENSG00000230943",0,0,0,19,18,9,0.00709292209405299,"LINC02541",8054,NA
"ENSG00000210112",1,1,1,6,29,80,0.00710008665093237,"MT-TM",8055,NA
"ENSG00000199530",0,0,0,14,27,8,0.00711144051746583,"Y_RNA",8057,NA
"ENSG00000262313",0,0,0,8,20,19,0.00711592946341461,"AC127496.3",8061,NA
"ENSG00000200714",0,0,0,13,26,9,0.00711605840379573,"Y_RNA",8062,NA
"ENSG00000224764",0,0,0,13,26,9,0.00711605840379573,"AL353768.1",8063,NA
"ENSG00000237586",0,0,1,10,6,80,0.00713463351832309,"AC090192.1",8065,NA
"ENSG00000207701",0,0,0,17,12,15,0.00717509411794776,"MIR597",8072,NA
"ENSG00000206687",0,0,0,8,10,35,0.00718054458641536,"RNU1-109P",8073,NA
"ENSG00000270764",0,0,0,21,8,18,0.00719965184725882,"AC005070.1",8078,NA
"ENSG00000225822",0,0,0,10,19,16,0.00722071902597612,"UBXN7-AS1",8080,NA
"ENSG00000264572",0,0,0,16,19,10,0.00723310280368011,"MIR4296",8082,NA
"ENSG00000213864",0,0,0,6,23,21,0.00724945463935557,"EEF1B2P2",8085,NA
"ENSG00000265939",0,0,0,18,14,12,0.00729493361892019,"UBE2CP2",8097,NA
"ENSG00000222345",0,0,0,22,8,17,0.00730115066958347,"SNORD19C",8099,NA
"ENSG00000281376",35,34,17,11,7,16,0.00732409790858769,"ABALON",8103,NA
"ENSG00000222594",0,0,0,20,7,21,0.0073640125761729,"RN7SKP235",8112,NA
"ENSG00000206755",0,0,0,11,17,16,0.00739542546699494,"SNORA30",8120,NA
"ENSG00000226279",0,0,0,11,17,16,0.00739542546699494,"RPL12P10",8121,NA
"ENSG00000261011",1,12,6,0,0,0,0.00741252896491612,"AL136982.4",8131,NA
"ENSG00000235008",0,0,0,9,13,25,0.00743932030496195,"AL023775.1",8134,NA
"ENSG00000127530",0,0,0,9,27,12,0.00744953130641038,"OR7C1",8137,NA
"ENSG00000207053",0,0,0,11,15,18,0.00746183908117291,"RNU6-937P",8142,NA
"ENSG00000179055",0,0,0,23,5,24,0.00746419804393712,"OR13D1",8147,NA
"ENSG00000265879",0,0,0,15,18,11,0.00746585163008192,"MIR4748",8148,NA
"ENSG00000225673",0,0,0,22,5,25,0.00747974728788603,"AC104164.1",8150,NA
"ENSG00000230370",0,0,0,12,13,19,0.00747974728788603,"RPL23AP52",8151,NA
"ENSG00000261399",2,0,0,13,35,54,0.00749067511437898,"AL031710.1",8153,NA
"ENSG00000223624",0,0,0,14,10,21,0.00752215615131527,"AL033528.1",8163,NA
"ENSG00000279569",0,0,1,19,14,26,0.00754144457657026,"AC020763.4",8167,NA
"ENSG00000253042",0,0,0,21,10,14,0.00754708723775303,"SNORA70",8171,NA
"ENSG00000166596",0,0,0,19,4,33,0.00755397590773562,"CFAP52",8174,NA
"ENSG00000250260",0,0,1,15,14,33,0.00759399881296518,"AC113382.2",8183,NA
"ENSG00000214102",0,0,0,11,19,14,0.00760662529912235,"WEE2",8184,NA
"ENSG00000176893",3,27,2,0,1,1,0.00761170190598708,"OR51G2",8187,NA
"ENSG00000251799",0,0,0,13,4,43,0.00762405951491289,"Y_RNA",8191,NA
"ENSG00000188693",0,0,0,11,12,22,0.00762463933759473,"CYP51A1-AS1",8194,NA
"ENSG00000200455",0,0,0,8,20,18,0.00763174774244498,"RNU6-1112P",8196,NA
"ENSG00000225907",0,0,0,24,11,11,0.00764116384785048,"RPS27P16",8198,NA
"ENSG00000254633",17,0,14,0,0,0,0.00767334819003569,"AL512590.2",8203,NA
"ENSG00000260488",0,0,0,8,27,13,0.00773474002521494,"AC007216.1",8220,NA
"ENSG00000276926",0,0,0,40,4,15,0.00774738458894151,"MIR6797",8225,NA
"ENSG00000111046",4,10,2,0,0,0,0.00778194586392108,"MYF6",8230,NA
"ENSG00000227409",0,0,0,10,22,13,0.00778549110283092,"ZMYM4-AS1",8232,NA
"ENSG00000206743",0,0,0,7,19,21,0.00779864623325447,"RNU6-484P",8235,NA
"ENSG00000248790",0,0,0,19,6,24,0.00782364666119841,"AC097103.1",8238,NA
"ENSG00000257875",0,0,0,39,3,19,0.00785895639645382,"AC089998.3",8244,NA
"ENSG00000201863",0,0,0,19,10,15,0.00787103973874439,"AC098591.1",8249,NA
"ENSG00000237054",0,0,2,20,28,25,0.00788521128061536,"PRMT5-AS1",8252,NA
"ENSG00000120669",0,0,0,33,3,23,0.00789278894017782,"SOHLH2",8255,NA
"ENSG00000254759",0,0,2,11,44,30,0.00793601646262822,"NAP1L1P1",8262,NA
"ENSG00000186160",0,0,1,20,8,40,0.00799992571861674,"CYP4Z1",8271,NA
"ENSG00000260992",5,11,6,1,1,0,0.0080035270861952,"DOCK9-DT",8272,NA
"ENSG00000234215",0,0,0,29,3,26,0.00801734868660459,"CT66",8275,NA
"ENSG00000202150",0,0,0,8,23,15,0.00803409284236781,"RNU6-407P",8279,NA
"ENSG00000228665",0,0,0,11,15,17,0.00805245360260948,"BX679664.1",8285,NA
"ENSG00000204659",0,0,0,15,11,17,0.00805803381061426,"CBY3",8286,NA
"ENSG00000211925",0,0,0,47,2,19,0.00809434967555951,"IGHD2-8",8293,NA
"ENSG00000221216",0,0,0,12,11,21,0.00812777863755363,"RNU6ATAC27P",8299,NA
"ENSG00000267526",0,0,0,6,20,22,0.00815862509805021,"AC005702.2",8303,NA
"ENSG00000273444",0,0,0,8,18,19,0.00817014061864095,"AC006023.2",8305,NA
"ENSG00000165935",0,0,0,8,19,18,0.00817403512227378,"SMCO2",8306,NA
"ENSG00000219384",0,0,0,11,18,14,0.00818084402617032,"AL138880.1",8311,NA
"ENSG00000213045",9,3,12,1,0,1,0.00820789095766174,"AC097065.1",8323,NA
"ENSG00000254253",0,0,0,21,6,21,0.00822412838826318,"NACAP10",8328,NA
"ENSG00000271717",0,0,0,8,14,24,0.00822412838826318,"AC022146.2",8330,NA
"ENSG00000201435",0,0,0,10,13,21,0.00826639850633543,"RNU4-24P",8332,NA
"ENSG00000234303",0,0,0,20,8,17,0.00827132124882854,"CLYBL-AS1",8336,NA
"ENSG00000265753",1,0,0,17,17,23,0.00827431440055616,"RN7SL444P",8340,NA
"ENSG00000249532",0,0,0,10,21,13,0.00828416570249257,"MIR302CHG",8344,NA
"ENSG00000270632",0,0,0,10,21,13,0.00828416570249257,"AL356575.1",8346,NA
"ENSG00000271642",0,0,0,18,3,38,0.00828416570249257,"MARK3P1",8347,NA
"ENSG00000272068",0,0,0,7,6,47,0.00828431124570411,"AL365181.2",8349,NA
"ENSG00000252887",1,0,0,16,35,12,0.00831947993356947,"RNU6-430P",8355,NA
"ENSG00000232846",0,0,0,16,10,17,0.00837320466169073,"SLC25A6P3",8362,NA
"ENSG00000276580",0,0,0,17,10,16,0.00837714333973973,"MIR8055",8364,NA
"ENSG00000224019",0,0,0,20,9,15,0.00842003725385791,"RPL21P32",8367,NA
"ENSG00000279964",0,0,0,15,18,10,0.0084694219965528,"AC009949.1",8377,NA
"ENSG00000260350",0,0,0,13,13,16,0.00847460158403016,"AC012173.1",8378,NA
"ENSG00000208308",0,0,0,8,15,22,0.0084861993735474,"SNORA40B",8382,NA
"ENSG00000235695",0,0,1,23,18,15,0.00849260712478392,"HIGD2AP2",8384,NA
"ENSG00000254638",0,0,0,6,41,9,0.00851382804647248,"AP002884.1",8388,NA
"ENSG00000274932",0,0,0,5,30,16,0.00856418094107812,"MIR7150",8394,NA
"ENSG00000254582",0,0,0,14,9,21,0.00858550650500279,"PSMA2P1",8399,NA
"ENSG00000268069",55,25,47,26,7,22,0.00859585878861271,"AC004466.1",8401,NA
"ENSG00000229786",0,0,0,14,10,19,0.00860609846638703,"SNRPFP2",8402,NA
"ENSG00000252050",0,0,0,14,7,26,0.00861560699571637,"AL606748.2",8403,NA
"ENSG00000202297",0,0,0,10,26,10,0.00863138837715167,"RNY3P12",8406,NA
"ENSG00000283509",0,0,0,14,21,9,0.00863342523322333,"U6",8407,NA
"ENSG00000198515",0,0,0,21,9,14,0.00863925478109081,"CNGA1",8409,NA
"ENSG00000207737",0,0,0,29,2,31,0.00868766034045156,"MIR181B2",8419,NA
"ENSG00000268545",0,0,0,13,12,17,0.0086879602078738,"VN1R107P",8421,NA
"ENSG00000200594",0,0,0,6,19,22,0.00869609124513715,"RNU6-824P",8427,NA
"ENSG00000276663",0,0,0,8,14,23,0.00870963842407509,"AC009090.3",8432,NA
"ENSG00000152192",0,0,0,20,12,11,0.00872101231730692,"POU4F1",8435,NA
"ENSG00000206633",0,0,0,9,24,12,0.00872180426026036,"SNORA80B",8437,NA
"ENSG00000280623",0,0,0,32,15,5,0.00872180426026036,"PCAT14",8438,NA
"ENSG00000255359",0,0,0,14,8,23,0.00874030122863789,"CCDC179",8441,NA
"ENSG00000206682",0,0,0,7,15,24,0.00878232624145257,"Y_RNA",8448,NA
"ENSG00000272175",1,0,1,17,24,27,0.00880753162948159,"AL050343.3",8457,NA
"ENSG00000264365",0,0,0,24,37,2,0.0088147971999473,"AC023983.1",8461,NA
"ENSG00000233303",0,0,0,14,11,17,0.0088189244094684,"XXYLT1-AS1",8462,NA
"ENSG00000249787",0,0,0,13,9,22,0.00884255555855126,"AC113385.1",8465,NA
"ENSG00000200183",0,0,0,9,16,18,0.00884414488628972,"RNU6-238P",8466,NA
"ENSG00000261433",0,1,0,35,9,20,0.00887612280373073,"AC002347.1",8470,NA
"ENSG00000205794",0,1,0,11,23,25,0.00889457959687813,"AC098591.2",8474,NA
"ENSG00000263683",2,2,19,0,0,0,0.00891010665331517,"AC005154.3",8479,NA
"ENSG00000276170",0,0,1,17,16,22,0.00891915924475435,"AC244153.1",8484,NA
"ENSG00000274227",0,0,0,12,18,12,0.00893895716529445,"AC073575.2",8487,NA
"ENSG00000120555",0,0,2,33,12,33,0.00894231998014248,"SEPTIN7P9",8488,NA
"ENSG00000222351",0,0,0,8,26,12,0.00895933575523688,"RNY1P15",8496,NA
"ENSG00000261823",0,0,0,15,9,19,0.00896624520238642,"AC084782.2",8500,NA
"ENSG00000258498",3,10,10,1,0,1,0.00898797040819351,"DIO3OS",8504,NA
"ENSG00000264421",1,0,0,18,9,38,0.00900492665870473,"AC007448.3",8509,NA
"ENSG00000251687",0,0,0,20,3,33,0.00903540567539283,"AC104791.1",8513,NA
"ENSG00000268472",0,0,0,16,10,16,0.0090699036496504,"AP002884.3",8518,NA
"ENSG00000249649",0,0,0,10,15,17,0.00908839123241883,"MRPS33P2",8523,NA
"ENSG00000252172",1,0,0,18,17,20,0.00908839123241883,"RNU6-720P",8525,NA
"ENSG00000227133",0,0,0,15,17,10,0.00912852927155596,"AC011742.1",8529,NA
"ENSG00000268496",0,0,1,17,23,15,0.00912974931441889,"AC245884.9",8530,NA
"ENSG00000200688",0,0,0,12,10,21,0.0091395238993898,"Y_RNA",8532,NA
"ENSG00000223725",0,1,0,16,12,32,0.00921124737102076,"AC009226.1",8548,NA
"ENSG00000230005",0,0,0,10,14,18,0.00921508833264638,"SNAP47-AS1",8550,NA
"ENSG00000259590",0,0,0,15,13,13,0.00923194592868211,"LINC02244",8553,NA
"ENSG00000234693",0,0,0,25,6,16,0.00925644234794603,"RIPOR3-AS1",8558,NA
"ENSG00000207189",0,0,0,11,12,19,0.0092683847245799,"Y_RNA",8562,NA
"ENSG00000222465",0,0,0,2,12,53,0.00927907570629016,"RNU2-5P",8564,NA
"ENSG00000261430",1,0,0,15,27,15,0.00929643281968139,"AL031600.2",8568,NA
"ENSG00000276742",0,0,0,12,19,11,0.00930130771917428,"AL731566.3",8571,NA
"ENSG00000237547",0,0,0,33,7,10,0.00932027329783102,"IGHJ2P",8575,NA
"ENSG00000240770",0,0,0,7,13,26,0.00932325069376386,"C21orf91-OT1",8576,NA
"ENSG00000279098",0,0,0,6,26,15,0.0093434502273717,"AC097460.2",8582,NA
"ENSG00000254231",0,0,0,27,5,17,0.0093536769051158,"AC103760.1",8584,NA
"ENSG00000163633",11,5,26,2,3,5,0.00940346747773388,"C4orf36",8591,NA
"ENSG00000223060",0,0,0,16,12,13,0.00941563785935012,"Y_RNA",8592,NA
"ENSG00000272831",1,0,0,8,21,35,0.00942231669994261,"AC027644.3",8593,NA
"ENSG00000267355",19,6,8,1,3,3,0.0094887289308023,"RPL9P29",8599,NA
"ENSG00000252250",0,0,0,6,29,13,0.00952602581557242,"Y_RNA",8606,NA
"ENSG00000242020",0,0,0,9,17,16,0.0095393426519661,"RN7SL68P",8607,NA
"ENSG00000269944",0,0,0,11,16,14,0.00955873426011883,"AP001267.4",8611,NA
"ENSG00000241963",0,0,0,19,8,16,0.00956291176762856,"RN7SL655P",8615,NA
"ENSG00000199436",0,1,0,19,12,26,0.00957986989864712,"SNORD9",8617,NA
"ENSG00000250027",0,0,0,18,7,19,0.00959210408765756,"AC022272.1",8621,NA
"ENSG00000265539",0,0,0,25,12,8,0.00959210408765756,"MIR3164",8622,NA
"ENSG00000227948",0,0,0,20,7,17,0.00968269684642217,"AC003989.1",8633,NA
"ENSG00000277287",0,0,0,11,20,11,0.00971202801251843,"AL109976.1",8638,NA
"ENSG00000237437",4,7,3,0,0,0,0.00971643723488226,"ASS1P12",8641,NA
"ENSG00000233647",0,0,0,20,8,15,0.00972172423391333,"NENFP1",8643,NA
"ENSG00000234784",0,0,0,10,12,20,0.00975184963147282,"AL606517.2",8645,NA
"ENSG00000259469",0,0,0,20,11,11,0.00975184963147282,"AC084757.2",8646,NA
"ENSG00000231612",0,0,2,13,19,49,0.00976368094581645,"AC104462.1",8650,NA
"ENSG00000206897",0,0,0,9,14,19,0.00976871083651969,"SNORA9B",8652,NA
"ENSG00000256403",0,0,0,9,14,19,0.00976871083651969,"AP003785.1",8654,NA
"ENSG00000283611",0,0,0,10,20,12,0.00978404186166099,"TMEM274P",8664,NA
"ENSG00000254631",0,0,0,27,6,14,0.00982139601354755,"AP001372.1",8670,NA
"ENSG00000235060",0,0,0,6,10,34,0.00983239830077379,"VDAC1P4",8672,NA
"ENSG00000206964",0,0,0,5,23,19,0.00988276224728668,"Y_RNA",8679,NA
"ENSG00000250011",0,0,0,16,15,10,0.00989500135226336,"HMGB1P3",8680,NA
"ENSG00000253399",0,0,0,9,28,9,0.00989500135226336,"AC078852.1",8681,NA
"ENSG00000241869",0,1,1,11,32,29,0.00989854414674055,"RN7SL363P",8682,NA
"ENSG00000250413",0,0,0,6,37,9,0.00989854414674055,"SLC2A9-AS1",8683,NA
"ENSG00000234851",8,30,9,0,5,3,0.00990402556690086,"RPL23AP42",8684,NA
